vendor_id,vendor_name,vendor_type,gst_number,pan_number,bank_account_number,ifsc_code,city,state,onboarding_date,vendor_status,risk_category,contact_email,contact_phone,payment_terms_days,last_transaction_date
VEN-100234,Nexora Infra Projects Pvt Ltd,Contractor,07DCTOP0026R4ZY,DCTOP0026R,258086319300868759,KKBK02AMVD6,Delhi,Delhi,2021-09-16,Active,Low,info@nexora.com,+916883481367,45,2025-03-15
VEN-100235,Everest Constructions Pvt Ltd,Contractor,07JZQOR8720K7ZH,JZQOR8720K,298363942252,BARB0FLDZ4H,Delhi,Delhi,2023-08-13,Active,Low,info@everest.com,+919535425961,15,2025-10-01
VEN-100236,Prime Technologies Pvt Ltd,IT Vendor,29EASSZ7516U9ZC,EASSZ7516U,31999541398225,ICIC03H2RR4,Bengaluru,Karnataka,2021-01-30,Active,Low,info@prime.com,+919997673638,30,2025-09-11
VEN-100237,Prime Industrial Supplies Pvt Ltd,Goods Supplier,36FFBQF9802V8ZD,FFBQF9802V,78524406348066,HDFC0ECV86G,Hyderabad,Telangana,2019-07-25,Active,Medium,accounts@primesupplies.in,+916485098998,30,2026-05-13
VEN-100238,Trident Services Pvt Ltd,Service Provider,07AKYUH6776P3ZC,AKYUH6776P,2070304950580084,BARB08LMFLI,Delhi,Delhi,2024-02-23,Active,Low,info@trident.com,+918362370499,30,2025-08-07
VEN-100239,Crystal Consulting LLP,Service Provider,09WJEVS6960R5Z6,WJEVS6960R,28712236852906,IOBA01C4Z5F,Noida,Uttar Pradesh,2023-01-20,Active,Medium,info@crystal.com,+917585113878,15,2025-08-04
VEN-100240,Northgate Contractors & Builders,Contractor,29OWZTY2171N1ZB,OWZTY2171N,7467217304193882,PUNB0EA2RCI,Bengaluru,Karnataka,2022-09-24,Active,Medium,info@northgate.com,+916825905374,90,2025-04-29
VEN-100241,Metrocorp Solutions Pvt Ltd,Service Provider,07SAYNS7630V6ZK,SAYNS7630V,733442149696,IOBA0EUA7SL,Delhi,Delhi,2020-06-23,Active,Low,info@metrocorp.com,+919797626609,30,2025-11-14
VEN-100242,Ganges Trading Co,Goods Supplier,27GMWBK6164H3Z0,GMWBK6164H,728645911455,AXIS0YWMPIT,Mumbai,Maharashtra,2018-11-22,Active,Low,accounts@gangessupplies.in,+918782742472,30,2026-07-08
VEN-100243,Deepak Trading Co,Goods Supplier,29DFKIM0837W1ZO,DFKIM0837W,037894756224036414,SBIN0ZJWLN3,Bengaluru,Karnataka,2022-11-11,Active,Low,accounts@deepaksupplies.in,+919343829484,60,2025-02-23
VEN-100244,Quantum Minerals & Metals Pvt Ltd,Raw Material Supplier,27UQTYF0116S4ZT,UQTYF0116S,7167189103693706,PUNB03RUL4Z,Pune,Maharashtra,2024-12-12,Active,Low,info@quantum.com,+916538819687,30,2026-06-19
VEN-100245,Lakshmi Materials Pvt Ltd,Raw Material Supplier,33VPIGY2475V7ZL,VPIGY2475V,434322585512,KKBK0HRONHS,Chennai,Tamil Nadu,2019-03-30,Active,Low,info@lakshmi.com,+918454737221,30,2025-05-03
VEN-100246,Falcon Systems Pvt Ltd,IT Vendor,07MSZNH1121A9Z8,MSZNH1121A,0029671024392810,UTIB02M15KA,Delhi,Delhi,2023-08-31,Active,Low,info@falcon.com,+917739254509,30,2025-08-01
VEN-100247,Kaveri Contractors & Builders,Contractor,07EBALP2277O2ZE,EBALP2277O,7669456980137521,IOBA0PXIH21,Delhi,Delhi,2019-10-23,Active,Low,info@kaveri.com,+917985996207,30,2026-03-29
VEN-100248,Falcon Transport Pvt Ltd,Logistics Partner,27MCJIR8362M9Z2,MCJIR8362M,021788084056440212,UTIB04ZL85J,Pune,Maharashtra,2018-07-10,Active,Medium,info@falcon.com,+916418475289,30,2025-05-29
VEN-100249,Apex Solutions Pvt Ltd,Service Provider,24HUKYN8225V8Z9,HUKYN8225V,535543165270778368,SBIN0H1ILVV,Ahmedabad,Gujarat,2020-12-13,Inactive,Low,info@apex.com,+917461493668,15,2023-01-30
VEN-100250,Skyline Materials Pvt Ltd,Raw Material Supplier,09ABQXZ7406D8ZA,ABQXZ7406D,9072315571086291,UTIB0MGOWGA,Noida,Uttar Pradesh,2018-06-01,Active,Low,info@skyline.com,+918642813425,45,2025-10-30
VEN-100251,Northgate Distributors Pvt Ltd,Goods Supplier,07ORTBP4927T6ZE,ORTBP4927T,66768696345702,KKBK064JYJW,Delhi,Delhi,2024-06-10,Inactive,Medium,accounts@northgatesupplies.in,+918731919879,90,2024-09-11
VEN-100252,Trident Industrial Supplies Pvt Ltd,Goods Supplier,07DJTGJ6364T9ZK,DJTGJ6364T,66476100912533,CNRB0FQ5E3H,Delhi,Delhi,2019-07-27,Active,Low,accounts@tridentsupplies.in,+919423939602,90,2026-04-11
VEN-100253,Himalaya Industrial Supplies Pvt Ltd,Goods Supplier,27IZUFV5582Y3Z0,IZUFV5582Y,8112160072310757,UTIB0GDLG7M,Mumbai,Maharashtra,2025-12-03,Active,Low,accounts@himalayasupplies.in,+916044649006,30,2026-02-11
VEN-100254,Unity Infra Projects Pvt Ltd,Contractor,29PHNLU1685G7ZS,PHNLU1685G,48373329640047,AXIS0TKLKB4,Bengaluru,Karnataka,2021-09-24,Suspended,Medium,info@unity.com,+916963526218,30,2025-10-13
VEN-100255,Vishnu Contractors & Builders,Contractor,36RSAHT9311V7Z4,RSAHT9311V,79053413395817,HDFC0O9NHF9,Hyderabad,Telangana,2023-08-22,Active,Low,info@vishnu.com,+919532902977,30,2025-05-03
VEN-100256,Vishnu Trading Co,Goods Supplier,27NFORJ3744C6ZR,NFORJ3744C,741038689082553333,SBIN02MJ6RC,Mumbai,Maharashtra,2023-10-30,Active,Low,accounts@vishnusupplies.in,+917117096455,45,2025-11-27
VEN-100257,Skyline Freight Services,Logistics Partner,07BLHHB5340J2Z5,BLHHB5340J,457848634101837512,UTIB0ZILDXD,Delhi,Delhi,2023-04-18,Active,Low,info@skyline.com,+916353289610,45,2025-12-25
VEN-100258,Riverside Facility Services Pvt Ltd,Service Provider,27SCOQI1799Q2ZR,SCOQI1799Q,0393719127557568,BARB04D5TRT,Mumbai,Maharashtra,2020-06-15,Active,Low,info@riverside.com,+917967722979,30,2026-03-28
VEN-100259,Maruti Facility Services Pvt Ltd,Service Provider,33KEFPW0439W9Z7,KEFPW0439W,0145809889433302,AXIS0XUNS4A,Chennai,Tamil Nadu,2023-10-12,Active,Low,info@maruti.com,+916902196472,30,2025-09-02
VEN-100260,Continental Facility Services Pvt Ltd,Service Provider,27VMNQO7203S7ZB,VMNQO7203S,539575080337,AXIS0SCQMRQ,Mumbai,Maharashtra,2018-04-01,Active,Low,info@continental.com,+917869411790,30,2025-07-24
VEN-100261,Orion Freight Services,Logistics Partner,33ZOGTE3783D6ZR,ZOGTE3783D,783944958706853063,BARB0P5FGQW,Chennai,Tamil Nadu,2020-06-09,Active,High,info@orion.com,+916063869167,30,2025-03-10
VEN-100262,Riverside Enterprises Pvt Ltd,Goods Supplier,29YADLJ4013K5ZF,YADLJ4013K,015917726692,SBIN0UGWG3O,Bengaluru,Karnataka,2024-10-16,Active,Low,accounts@riversidesupplies.in,+918887967512,30,2026-05-21
VEN-100263,Starlite Enterprises Pvt Ltd,Goods Supplier,33ZDWBK7444S2Z8,ZDWBK7444S,6463876194901113,PUNB0CXWU9M,Chennai,Tamil Nadu,2018-09-14,Active,Low,accounts@starlitesupplies.in,+916519167685,60,2025-01-30
VEN-100264,Riverside Enterprises Pvt Ltd,Goods Supplier,27TKQMQ2948V7ZJ,TKQMQ2948V,004426377891353422,ICIC01YVFYW,Pune,Maharashtra,2024-10-02,Active,Low,accounts@riversidesupplies.in,+919430959230,30,2026-04-27
VEN-100265,Shreeji Industrial Supplies Pvt Ltd,Goods Supplier,29WSTJK5150Q8ZZ,WSTJK5150Q,8661039531640078,CNRB0GLIBM5,Bengaluru,Karnataka,2024-09-04,Active,Low,accounts@shreejisupplies.in,+919728369577,45,2025-01-28
VEN-100266,Kaveri Constructions Pvt Ltd,Contractor,19PEQQV1609D4Z1,PEQQV1609D,316479870123653193,AXIS0OVOS9H,Kolkata,West Bengal,2024-07-25,Active,Low,info@kaveri.com,+918776445972,45,2026-07-11
VEN-100267,Trident Consulting LLP,Service Provider,06UHHSJ4242R5ZZ,UHHSJ4242R,1652656047170594,UTIB0H7YBNW,Gurugram,Haryana,2021-03-21,Active,Low,info@trident.com,+916918199349,90,2025-10-24
VEN-100268,Shreeji Freight Services,Logistics Partner,36CZHZO4984G2ZL,CZHZO4984G,76703261664434,ICIC065B898,Hyderabad,Telangana,2024-11-06,Active,Low,info@shreeji.com,+916232641698,60,2025-05-01
VEN-100269,Maruti Infra Projects Pvt Ltd,Contractor,36FDDTP4545V4ZF,FDDTP4545V,553918925184,PUNB0PHWG24,Hyderabad,Telangana,2021-02-28,Active,Low,info@maruti.com,+918738750309,15,2025-03-12
VEN-100270,Yamuna Raw Materials Ltd,Raw Material Supplier,07EDQSZ3849M7Z5,EDQSZ3849M,63155720026558,PUNB0G56VR1,Delhi,Delhi,2021-06-13,Active,Medium,info@yamuna.com,+916205468204,45,2025-02-27
VEN-100271,Maruti Trading Co,Goods Supplier,24TIPRI3162J5Z3,TIPRI3162J,64499673413748,IOBA0U5G2EE,Ahmedabad,Gujarat,2020-03-06,Active,Low,accounts@marutisupplies.in,+916980712668,30,2025-08-11
VEN-100272,Prime Consulting LLP,Service Provider,06AYZDZ4262H9ZK,AYZDZ4262H,3532540948934521,IOBA0JLPA78,Gurugram,Haryana,2019-05-19,Active,Low,info@prime.com,+918289641717,30,2026-07-10
VEN-100273,Kalpana Raw Materials Ltd,Raw Material Supplier,24BVBAD6012O6Z3,BVBAD6012O,605407525649195262,AXIS09EDEKZ,Ahmedabad,Gujarat,2021-11-01,Inactive,Low,info@kalpana.com,+916035001447,45,2022-05-15
VEN-100274,Om Sai Cargo Movers Pvt Ltd,Logistics Partner,07WXMBB9850K1ZD,WXMBB9850K,77301283837197,CNRB0QC382L,Delhi,Delhi,2021-05-04,Active,Medium,info@omsai.com,+916674253153,60,2025-10-30
VEN-100275,Vertex Technologies Pvt Ltd,IT Vendor,07JUEKJ0947D3Z5,JUEKJ0947D,45510557804775,PUNB0K6D4AH,Delhi,Delhi,2020-06-09,Active,Low,info@vertex.com,+916397464103,60,2026-01-25
VEN-100276,Prime InfoTech Pvt Ltd,IT Vendor,29VWZDI9239K5ZV,VWZDI9239K,32739191707927,ICIC0TSEHM8,Bengaluru,Karnataka,2022-01-04,Active,Low,info@prime.com,+919944596573,15,2026-07-04
VEN-100277,Sundaram Contractors & Builders,Contractor,19RJQBZ6379N2Z0,RJQBZ6379N,255554375530,ICIC0AX3TQC,Kolkata,West Bengal,2022-05-26,Active,Low,info@sundaram.com,+919074007031,60,2025-09-07
VEN-100278,Starlite Solutions Pvt Ltd,Service Provider,29LMUQE6378O7ZO,LMUQE6378O,727801813428,CNRB0YBDE4C,Bengaluru,Karnataka,2018-12-20,Active,Low,info@starlite.com,+918956321313,45,2026-01-28
VEN-100279,Zenith Solutions Pvt Ltd,Service Provider,36MDILB3018R9ZV,MDILB3018R,648400722514775117,AXIS0JRRF7F,Hyderabad,Telangana,2024-05-21,Active,High,info@zenith.com,+919280818276,15,2026-03-15
VEN-100280,Crystal Trading Co,Goods Supplier,24UONPE9259Q2Z8,UONPE9259Q,998182787645244680,CNRB0QPVGHK,Ahmedabad,Gujarat,2023-07-10,Active,Low,accounts@crystalsupplies.in,+918873984325,30,2026-05-12
VEN-100281,Southbridge Technologies Pvt Ltd,IT Vendor,27QVAYE4949E5ZA,QVAYE4949E,0306606774002055,UTIB00PTZF4,Mumbai,Maharashtra,2020-02-24,Active,Medium,info@southbridge.com,+916381771915,30,2025-06-18
VEN-100282,Himalaya Solutions Pvt Ltd,Service Provider,09QLFXD1734Z3ZF,QLFXD1734Z,6267290882613677,PUNB0H4HLJZ,Noida,Uttar Pradesh,2024-10-10,Active,Medium,info@himalaya.com,+919367970020,30,2026-02-12
VEN-100283,Skyline Facility Services Pvt Ltd,Service Provider,29KQNDC0991K7Z4,KQNDC0991K,6780044637717719,CNRB0IT9DQV,Bengaluru,Karnataka,2023-08-30,Active,Low,info@skyline.com,+919207504345,30,2025-09-19
VEN-100284,Metrocorp Technologies Pvt Ltd,IT Vendor,07NBWGM3198R7ZE,NBWGM3198R,2938516025048873,ICIC0J07KAM,Delhi,Delhi,2021-04-26,Suspended,High,info@metrocorp.com,+917757190566,30,2025-12-10
VEN-100285,Northgate Distributors Pvt Ltd,Goods Supplier,24SCNGM0970H9ZQ,SCNGM0970H,4755635061289383,UTIB0927SL5,Ahmedabad,Gujarat,2020-08-12,Active,Low,accounts@northgatesupplies.in,+918923211686,30,2025-12-02
VEN-100286,Jaya Enterprises Pvt Ltd,Goods Supplier,29BHVEY8550D3Z7,BHVEY8550D,072146905909,PUNB0WF4WTB,Bengaluru,Karnataka,2020-08-02,Active,Medium,accounts@jayasupplies.in,+919830612128,30,2025-09-09
VEN-100287,Zenith Builders LLP,Contractor,09MCJKQ7295A7ZM,MCJKQ7295A,549531328709579916,IOBA0JSQRYK,Noida,Uttar Pradesh,2025-03-06,Active,Medium,info@zenith.com,+917158690795,45,2025-06-10
VEN-100288,Zenith Softwares Pvt Ltd,IT Vendor,07ABPAM3683F6Z3,ABPAM3683F,171153076533,SBIN0QFNHBP,Delhi,Delhi,2022-12-27,Inactive,Medium,info@zenith.com,+917683721075,15,2024-07-30
VEN-100289,Apex Enterprises Pvt Ltd,Goods Supplier,09ZFOYD7291C6ZS,ZFOYD7291C,220210379843,CNRB0DTSKR8,Noida,Uttar Pradesh,2022-06-25,Inactive,Low,accounts@apexsupplies.in,+918213810993,90,2024-06-15
VEN-100290,Riverside Trading Co,Goods Supplier,36LBIZK5956J4Z6,LBIZK5956J,354000864026,ICIC0H4SGW9,Hyderabad,Telangana,2020-03-04,Active,Medium,accounts@riversidesupplies.in,+918104285160,45,2026-07-09
VEN-100291,Unity Solutions Pvt Ltd,Service Provider,36VVKNW4840W1ZW,VVKNW4840W,17199814949682,ICIC03KJUIX,Hyderabad,Telangana,2021-12-05,Active,Low,info@unity.com,+919115591177,15,2025-12-19
VEN-100292,Kaveri Transport Pvt Ltd,Logistics Partner,27OMEKQ6438W4Z3,OMEKQ6438W,980832460819482461,PUNB0WEHID2,Pune,Maharashtra,2023-05-15,Active,Low,info@kaveri.com,+917755182000,30,2025-07-23
VEN-100293,Xenon Distributors Pvt Ltd,Goods Supplier,27DAJPE8531I2ZI,DAJPE8531I,315986624077,HDFC0H46S8L,Pune,Maharashtra,2024-07-17,Active,Low,accounts@xenonsupplies.in,+918423565099,60,2025-10-17
VEN-100294,Aarav Distributors Pvt Ltd,Goods Supplier,27ZQWGS8217B7ZK,ZQWGS8217B,76924307517257,AXIS0IUUV63,Mumbai,Maharashtra,2019-06-14,Active,Low,accounts@aaravsupplies.in,+917986228483,45,2026-04-20
VEN-100295,Yamuna Logistics,Logistics Partner,24PYBXN8320E3ZC,PYBXN8320E,4594377461602717,UTIB0SS4FFF,Ahmedabad,Gujarat,2018-01-10,Active,Low,info@yamuna.com,+918987500728,30,2025-04-16
VEN-100296,Unity Consulting LLP,Service Provider,07VHHSP3893P6ZC,VHHSP3893P,99427175136082,CNRB0ML13U1,Delhi,Delhi,2020-06-28,Active,Low,info@unity.com,+919726041567,30,2025-04-18
VEN-100297,Continental Services Pvt Ltd,Service Provider,07UMPUV9341R8ZD,UMPUV9341R,306986105712292401,HDFC0UCOF4U,Delhi,Delhi,2023-01-20,Inactive,Low,info@continental.com,+917389273314,30,2024-12-26
VEN-100298,Uday Cargo Movers Pvt Ltd,Logistics Partner,27SBYEK5861M6Z1,SBYEK5861M,44840608577298,CNRB0IP3N8C,Mumbai,Maharashtra,2020-02-28,Active,Medium,info@uday.com,+916095441733,30,2026-06-04
VEN-100299,Riverside Distributors Pvt Ltd,Goods Supplier,29GLULW4146D7ZQ,GLULW4146D,500663526930,PUNB0UBRLPD,Bengaluru,Karnataka,2018-07-19,Active,Low,accounts@riversidesupplies.in,+918367531848,60,2026-02-24
VEN-100300,Continental Trading Co,Goods Supplier,07YKLUS1498S2ZS,YKLUS1498S,691450984591571368,CNRB0VFLO8E,Delhi,Delhi,2019-08-26,Active,Low,accounts@continentalsupplies.in,+919685853752,30,2025-10-25
VEN-100301,Southbridge Constructions Pvt Ltd,Contractor,06QYNSI1345V7ZY,QYNSI1345V,8401300279610725,AXIS0T3VQVQ,Gurugram,Haryana,2019-05-02,Active,Medium,info@southbridge.com,+918603476907,30,2026-03-30
VEN-100302,Skyline Softwares Pvt Ltd,IT Vendor,19OPUZH1611Q2ZO,OPUZH1611Q,451523711309,BARB0UASJ2P,Kolkata,West Bengal,2019-01-12,Active,Medium,info@skyline.com,+917450223327,45,2025-01-10
VEN-100303,Quantum Distributors Pvt Ltd,Goods Supplier,07QXGBX3712X5Z1,QXGBX3712X,5542630097562626,ICIC07TVQFT,Delhi,Delhi,2021-11-06,Active,Low,accounts@quantumsupplies.in,+918001208944,30,2025-11-20
VEN-100304,Southbridge Industrial Supplies Pvt Ltd,Goods Supplier,36QQTPS0917J2ZI,QQTPS0917J,380127782628986908,SBIN040LJYA,Hyderabad,Telangana,2024-12-05,Active,Medium,accounts@southbridgesupplies.in,+917128117889,90,2026-04-18
VEN-100305,Vertex Infra Projects Pvt Ltd,Contractor,27GFPYJ6220G6ZV,GFPYJ6220G,366158913776236344,IOBA0H3N2AT,Pune,Maharashtra,2024-02-07,Active,Medium,info@vertex.com,+916788685720,30,2026-07-07
VEN-100306,Deepak Consulting LLP,Service Provider,29XPWDN0302Z3ZW,XPWDN0302Z,41969743240302,AXIS0DXV1N3,Bengaluru,Karnataka,2024-07-14,Inactive,Low,info@deepak.com,+917335802924,60,
VEN-100307,Apex Technologies Pvt Ltd,IT Vendor,33DECQF1371H7ZL,DECQF1371H,442180051605,HDFC05XIEYM,Chennai,Tamil Nadu,2024-08-03,Suspended,Medium,info@apex.com,+919818678162,60,2025-12-17
VEN-100308,Apex Logistics,Logistics Partner,07KCFWN4104T1ZY,KCFWN4104T,069509644864,UTIB0SDLQRP,Delhi,Delhi,2018-10-02,Active,Medium,info@apex.com,+916284177510,45,2025-11-20
VEN-100309,Aarav Solutions Pvt Ltd,Service Provider,29PGNOP9325R8ZB,PGNOP9325R,5495731812791578,BARB0PP5Y03,Bengaluru,Karnataka,2021-05-14,Active,Low,info@aarav.com,+917367946290,60,2025-06-29
VEN-100310,Wave Contractors & Builders,Contractor,07RUHAP5210H1ZA,RUHAP5210H,973355700289,AXIS0CT8YGE,Delhi,Delhi,2018-12-25,Active,Low,info@wave.com,+916531525724,30,2026-05-11
VEN-100311,Prime InfoTech Pvt Ltd,IT Vendor,27XWMGJ7278N6ZX,XWMGJ7278N,722373513251,PUNB0H7QV77,Pune,Maharashtra,2021-06-20,Active,Medium,info@prime.com,+916966675046,30,2025-10-09
VEN-100312,Bluepeak Consulting LLP,Service Provider,29TDNLY0387O2ZX,TDNLY0387O,306313812293144734,UTIB064K839,Bengaluru,Karnataka,2020-06-04,Inactive,Low,info@bluepeak.com,+917404186534,30,2020-09-09
VEN-100313,Everest Services Pvt Ltd,Service Provider,07GVCTG3583N2ZM,GVCTG3583N,56592357406498,AXIS0FMEW2C,Delhi,Delhi,2021-08-30,Active,Low,info@everest.com,+919248359410,60,2025-09-15
VEN-100314,Sundaram Cargo Movers Pvt Ltd,Logistics Partner,07CBWOA3702E2ZO,CBWOA3702E,2741510398489519,CNRB06LMMKI,Delhi,Delhi,2019-09-27,Inactive,Low,info@sundaram.com,+917843230883,30,
VEN-100315,Yamuna Freight Services,Logistics Partner,27LHGAJ4531X7ZO,LHGAJ4531X,24279862784812,UTIB0M9M601,Mumbai,Maharashtra,2019-01-16,Suspended,Medium,info@yamuna.com,+917772143379,30,2025-02-02
VEN-100316,Deepak Services Pvt Ltd,Service Provider,07KOEXG3097M8ZF,KOEXG3097M,170623991775,ICIC09M7VV7,Delhi,Delhi,2021-07-20,Active,Low,info@deepak.com,+918532956617,30,2026-05-27
VEN-100317,Continental Enterprises Pvt Ltd,Goods Supplier,09ZQBQS7129Z6ZS,ZQBQS7129Z,03720755455348,BARB0WJ25A9,Noida,Uttar Pradesh,2018-01-02,Active,Low,accounts@continentalsupplies.in,+917863630981,45,2025-06-07
VEN-100318,Orion Builders LLP,Contractor,27CNBVD8240S7ZV,CNBVD8240S,0270969846378870,BARB0912AYY,Pune,Maharashtra,2022-01-25,Active,Low,info@orion.com,+917526174163,30,2026-03-14
VEN-100319,Everest Cargo Movers Pvt Ltd,Logistics Partner,36NRNPY9598N7ZK,NRNPY9598N,52792943795593,IOBA0Z7BRXT,Hyderabad,Telangana,2025-11-13,Active,Medium,info@everest.com,+917041282235,45,2026-01-07
VEN-100320,Orion InfoTech Pvt Ltd,IT Vendor,07VROXP3750B6ZM,VROXP3750B,488266073305152073,UTIB0RK3FS5,Delhi,Delhi,2020-09-01,Active,Low,info@orion.com,+919234674135,45,2026-06-21
VEN-100321,Vertex Enterprises Pvt Ltd,Goods Supplier,19IYCRL3350J3ZM,IYCRL3350J,649261707261823834,AXIS07J7I9H,Kolkata,West Bengal,2023-10-17,Active,Low,accounts@vertexsupplies.in,+919560127606,30,2026-02-02
VEN-100322,Northgate Infra Projects Pvt Ltd,Contractor,24AWQGJ9038R2ZB,AWQGJ9038R,54902533133629,CNRB0929DZZ,Ahmedabad,Gujarat,2024-07-27,Active,Low,info@northgate.com,+919603966221,90,2025-12-04
VEN-100323,Crystal Solutions Pvt Ltd,Service Provider,27PRFDR8949Y3ZA,PRFDR8949Y,0571810399378671,PUNB036RM9K,Pune,Maharashtra,2019-04-21,Active,Low,info@crystal.com,+916645673841,30,2025-02-03
VEN-100324,Shreeji Consulting LLP,Service Provider,06FRFFE9466O4ZR,FRFFE9466O,768739556701488259,HDFC0KIM1AE,Gurugram,Haryana,2022-08-22,Active,Low,info@shreeji.com,+918605184717,15,2026-07-14
VEN-100325,Uday Enterprises Pvt Ltd,Goods Supplier,33EPSFL2697W2Z5,EPSFL2697W,760779615013,SBIN055R1BQ,Chennai,Tamil Nadu,2024-08-14,Active,Low,accounts@udaysupplies.in,+917907044864,30,2026-05-03
VEN-100326,Wave Services Pvt Ltd,Service Provider,36AWHQV2103E1ZJ,AWHQV2103E,9041666571459023,KKBK0TRU2G4,Hyderabad,Telangana,2024-11-05,Active,Low,info@wave.com,+917617694699,30,2025-11-21
VEN-100327,Metrocorp Enterprises Pvt Ltd,Goods Supplier,09PMSMV8221D1ZT,PMSMV8221D,726403826620,IOBA0IB0OCQ,Noida,Uttar Pradesh,2018-03-01,Inactive,Low,accounts@metrocorpsupplies.in,+918944011488,30,2018-10-16
VEN-100328,Nandi Softwares Pvt Ltd,IT Vendor,36APIXU0183M9ZA,APIXU0183M,117387208383513020,CNRB00HI6XQ,Hyderabad,Telangana,2022-05-08,Active,Medium,info@nandi.com,+916896174750,15,2025-03-31
VEN-100329,Om Sai Services Pvt Ltd,Service Provider,33RIPIX3123O2ZH,RIPIX3123O,11951552985138,CNRB0F4GO31,Chennai,Tamil Nadu,2019-01-02,Active,Medium,info@omsai.com,+919638765974,30,2026-04-25
VEN-100330,Nandi Distributors Pvt Ltd,Goods Supplier,33YDXGJ1938K8ZV,YDXGJ1938K,014823554715,ICIC0SJEEMJ,Chennai,Tamil Nadu,2025-02-25,Active,Low,accounts@nandisupplies.in,+919747526095,30,2025-12-25
VEN-100331,Orion Contractors & Builders,Contractor,24EYBCV7346C4Z8,EYBCV7346C,764264282769,KKBK0PWZKMI,Ahmedabad,Gujarat,2024-08-25,Active,Medium,info@orion.com,+916059120456,60,2026-02-20
VEN-100332,Goldcrest Solutions Pvt Ltd,Service Provider,27MEJYV1961C1Z9,MEJYV1961C,691188869644832404,PUNB0P9XK11,Pune,Maharashtra,2020-01-25,Active,Low,info@goldcrest.com,+916179974080,30,2025-03-21
VEN-100333,Goldcrest Infra Projects Pvt Ltd,Contractor,36XNALX5339J5ZA,XNALX5339J,653726556270,UTIB02IUA4A,Hyderabad,Telangana,2023-01-30,Active,Low,info@goldcrest.com,+917631721509,90,2025-06-07
VEN-100334,Uday InfoTech Pvt Ltd,IT Vendor,07LQFTI6711M8ZJ,LQFTI6711M,775374180946960969,KKBK0LN99S9,Delhi,Delhi,2020-08-02,Active,Low,info@uday.com,+917569300045,45,2025-12-26
VEN-100335,Maruti Enterprises Pvt Ltd,Goods Supplier,07ACYRV9671T3ZO,ACYRV9671T,86249692497310,HDFC0DB2Y9F,Delhi,Delhi,2019-02-15,Active,Low,accounts@marutisupplies.in,+919154614200,60,2026-04-02
VEN-100336,Zenith Trading Co,Goods Supplier,27AAKDI3077P7ZP,AAKDI3077P,509845936469,ICIC0DUCURA,Pune,Maharashtra,2021-02-09,Active,Low,accounts@zenithsupplies.in,+917231648410,30,2025-09-02
VEN-100337,Vertex Consulting LLP,Service Provider,33ZVZAI3742U9ZT,ZVZAI3742U,72074096260698,ICIC0G6LT3H,Chennai,Tamil Nadu,2024-03-27,Active,Low,info@vertex.com,+918896395187,60,2025-06-27
VEN-100338,Bharat Consulting LLP,Service Provider,27KSOLY0086Y3Z1,KSOLY0086Y,009752674112421657,BARB0YMSC08,Mumbai,Maharashtra,2020-12-21,Suspended,High,info@bharat.com,+917462011894,30,2025-02-14
VEN-100339,Ravi Enterprises Pvt Ltd,Goods Supplier,07GQXLC0510Q2Z4,GQXLC0510Q,75316373078324,UTIB01F7L6D,Delhi,Delhi,2019-02-02,Active,High,accounts@ravisupplies.in,+917305214472,30,2025-06-10
VEN-100340,Skyline Systems Pvt Ltd,IT Vendor,36OFKNW2440N4ZF,OFKNW2440N,4299984097543860,UTIB08K0QY4,Hyderabad,Telangana,2021-08-19,Blacklisted,Low,info@skyline.com,+918145594171,15,2024-03-26
VEN-100341,Shreeji Technologies Pvt Ltd,IT Vendor,29RNHTS6526T6Z3,RNHTS6526T,8136315072921495,PUNB0RRBWIF,Bengaluru,Karnataka,2020-02-03,Active,Low,info@shreeji.com,+916458843669,15,2025-07-12
VEN-100342,Xenon Logistics,Logistics Partner,27XHYCH6485U1ZI,XHYCH6485U,951346208296436356,CNRB0GA4S69,Mumbai,Maharashtra,2019-08-14,Active,Low,info@xenon.com,+918296151179,60,2025-06-15
VEN-100343,Om Sai Enterprises Pvt Ltd,Goods Supplier,36LJFSR9149R5Z7,LJFSR9149R,441430793742,BARB0OSQXC4,Hyderabad,Telangana,2018-03-24,Active,Low,accounts@omsaisupplies.in,+918062336157,60,2025-07-20
VEN-100344,Goldcrest Distributors Pvt Ltd,Goods Supplier,27YZKMP5063W7ZN,YZKMP5063W,323980749828948150,PUNB0AZICXL,Pune,Maharashtra,2018-01-14,Active,Medium,accounts@goldcrestsupplies.in,+919145918248,30,2025-11-08
VEN-100345,Xenon Solutions Pvt Ltd,Service Provider,27AGYVM6844W4Z1,AGYVM6844W,749534426983,BARB009K5GO,Mumbai,Maharashtra,2018-04-19,Active,Low,info@xenon.com,+918026016751,30,2025-11-20
VEN-100346,Southbridge Softwares Pvt Ltd,IT Vendor,07SJNJD1274F2ZD,SJNJD1274F,58756987784911,HDFC0HBDTWL,Delhi,Delhi,2024-12-01,Active,Low,info@southbridge.com,+916281211067,30,2026-05-11
VEN-100347,Om Sai Systems Pvt Ltd,IT Vendor,27UNBDG0677T4ZC,UNBDG0677T,60172538765087,CNRB076AWJZ,Mumbai,Maharashtra,2019-03-15,Inactive,Medium,info@omsai.com,+919354913322,30,2020-08-02
VEN-100348,Silverline Solutions Pvt Ltd,Service Provider,33JHSCM3476O4ZZ,JHSCM3476O,281084619414601451,SBIN02ZCLZ4,Chennai,Tamil Nadu,2025-10-19,Active,Low,info@silverline.com,+918789369951,30,2025-12-20
VEN-100349,Zenith Trading Co,Goods Supplier,27DCBBR9361T2Z4,DCBBR9361T,726423859049333405,IOBA0V5FBER,Pune,Maharashtra,2020-10-01,Active,Low,accounts@zenithsupplies.in,+919485349639,30,2025-01-29
VEN-100350,Crystal Infra Projects Pvt Ltd,Contractor,29TAXIC3336H4ZJ,TAXIC3336H,903303485926,BARB00BKB3H,Bengaluru,Karnataka,2019-02-26,Active,Low,info@crystal.com,+918129269082,30,2025-11-01
VEN-100351,Trident Minerals & Metals Pvt Ltd,Raw Material Supplier,27YSPPH5543C5ZW,YSPPH5543C,4524647107852974,CNRB0TUWXQ2,Pune,Maharashtra,2020-08-05,Active,Low,info@trident.com,+918848968221,45,2025-08-30
VEN-100352,Bharat Solutions Pvt Ltd,Service Provider,07GVMOL6011I5ZZ,GVMOL6011I,60770832098683,SBIN08KI4NK,Delhi,Delhi,2025-12-11,Active,Medium,info@bharat.com,+917573878792,30,2026-02-03
VEN-100353,Wave Materials Pvt Ltd,Raw Material Supplier,07PMJYI4698E6ZU,PMJYI4698E,8096869672539381,PUNB0UDWEZ9,Delhi,Delhi,2022-08-12,Active,Low,info@wave.com,+917968740889,30,2026-02-27
VEN-100354,Prime Transport Pvt Ltd,Logistics Partner,09VVSNJ6874A1ZB,VVSNJ6874A,714630159878673472,BARB0TS7E6V,Noida,Uttar Pradesh,2024-04-04,Active,Low,info@prime.com,+917991714420,30,2025-05-01
VEN-100355,Silverline Distributors Pvt Ltd,Goods Supplier,19YVMFF9827M3ZR,YVMFF9827M,69264412269364,HDFC0GVZE7D,Kolkata,West Bengal,2021-05-08,Active,Low,accounts@silverlinesupplies.in,+916094366878,30,2026-06-01
VEN-100356,Nandi Builders LLP,Contractor,27DXBEE4340W9ZR,DXBEE4340W,23949234928954,SBIN0BZR5UN,Pune,Maharashtra,2023-04-19,Active,Low,info@nandi.com,+917027499037,30,2026-05-20
VEN-100357,Deepak Industrial Supplies Pvt Ltd,Goods Supplier,29FHVTV5629A9ZB,FHVTV5629A,924032913913047462,HDFC0B1MGYZ,Bengaluru,Karnataka,2023-09-22,Active,Low,accounts@deepaksupplies.in,+918300933198,30,2025-08-02
VEN-100358,Trident Enterprises Pvt Ltd,Goods Supplier,27YEHUT9963D6ZW,YEHUT9963D,48454786440342,SBIN0XIN3G2,Pune,Maharashtra,2024-09-07,Active,Low,accounts@tridentsupplies.in,+918852000140,45,2025-09-17
VEN-100359,Unity Services Pvt Ltd,Service Provider,19ATMUV0473X8ZS,ATMUV0473X,3982092640306446,BARB0QATMOY,Kolkata,West Bengal,2022-07-06,Active,Low,info@unity.com,+916186104128,15,2026-07-06
VEN-100360,Nandi Distributors Pvt Ltd,Goods Supplier,27KDXTL4042J7Z3,KDXTL4042J,0679875524456684,HDFC0JFB2WF,Mumbai,Maharashtra,2020-10-10,Active,Low,accounts@nandisupplies.in,+919602132293,45,2026-04-25
VEN-100361,Maruti Distributors Pvt Ltd,Goods Supplier,06VRTUU8627V8Z8,VRTUU8627V,16149320083188,HDFC0TC48KH,Gurugram,Haryana,2024-12-28,Active,Medium,accounts@marutisupplies.in,+918888610979,60,2025-04-19
VEN-100362,Continental Technologies Pvt Ltd,IT Vendor,24BCQWX1245X2Z9,BCQWX1245X,3184472835037361,CNRB0F8SEEG,Ahmedabad,Gujarat,2025-01-10,Suspended,Medium,info@continental.com,+916750347430,15,2025-06-13
VEN-100363,Kalpana Freight Services,Logistics Partner,29XSWSI3896E7ZS,XSWSI3896E,86643867805378,CNRB0ZA3JIR,Bengaluru,Karnataka,2018-02-27,Inactive,Low,info@kalpana.com,+918277910363,30,2019-07-22
VEN-100364,Metrocorp Services Pvt Ltd,Service Provider,33ZUZOX6553J3ZO,ZUZOX6553J,15174144041206,KKBK0LIE9HF,Chennai,Tamil Nadu,2020-09-29,Active,Low,info@metrocorp.com,+917117178124,60,2026-01-14
VEN-100365,Bharat Transport Pvt Ltd,Logistics Partner,27JHNDH3201Z7Z3,JHNDH3201Z,8284138455974767,CNRB0MRO5Q3,Mumbai,Maharashtra,2021-07-01,Active,Low,info@bharat.com,+919306420106,60,2025-11-13
VEN-100366,Bharat Contractors & Builders,Contractor,07QOBOE4819F1ZH,QOBOE4819F,27848640804483,IOBA03ZJA6R,Delhi,Delhi,2020-04-14,Active,Low,info@bharat.com,+918172018298,30,2025-09-03
VEN-100367,Unity Systems Pvt Ltd,IT Vendor,33TKCBM4442A5ZZ,TKCBM4442A,257340629397,CNRB0YYJ1TY,Chennai,Tamil Nadu,2021-08-30,Suspended,Low,info@unity.com,+919226982821,45,2025-03-13
VEN-100368,Trident Services Pvt Ltd,Service Provider,24SZWFN8896Y8ZH,SZWFN8896Y,63293919600156,UTIB0RJSN21,Ahmedabad,Gujarat,2025-06-30,Active,Low,info@trident.com,+919831760494,30,2025-07-10
VEN-100369,Southbridge Softwares Pvt Ltd,IT Vendor,07VQVFZ9047T4Z0,VQVFZ9047T,96125117661571,BARB0UVQ9U0,Delhi,Delhi,2025-12-27,Active,Low,info@southbridge.com,+919046683841,45,2026-05-02
VEN-100370,Om Sai Solutions Pvt Ltd,Service Provider,27XNIKI8892W7Z4,XNIKI8892W,13060407982498,AXIS0I82LF3,Mumbai,Maharashtra,2018-09-13,Active,Low,info@omsai.com,+916386708064,30,2025-02-27
VEN-100371,Maruti Builders LLP,Contractor,29QKWUQ4446D6Z1,QKWUQ4446D,551075891534611015,CNRB0YRBVR5,Bengaluru,Karnataka,2019-12-04,Active,High,info@maruti.com,+917058841297,30,2026-05-03
VEN-100372,Xenon Infra Projects Pvt Ltd,Contractor,24OIHIC8949U4ZE,OIHIC8949U,627937219300121570,HDFC07A796U,Ahmedabad,Gujarat,2019-02-06,Active,Medium,info@xenon.com,+916063719328,45,2026-06-24
VEN-100373,Continental Materials Pvt Ltd,Raw Material Supplier,09BDYUE3359H1ZC,BDYUE3359H,7307889820460576,CNRB0DI6PIH,Noida,Uttar Pradesh,2025-08-28,Active,Low,info@continental.com,+916284224318,30,2025-10-10
VEN-100374,Sundaram Enterprises Pvt Ltd,Goods Supplier,33JPMQL4483M1ZB,JPMQL4483M,263085679000213386,IOBA06L4UPJ,Chennai,Tamil Nadu,2022-04-27,Active,Medium,accounts@sundaramsupplies.in,+919987069982,60,2025-08-03
VEN-100375,Silverline Facility Services Pvt Ltd,Service Provider,19LUIEU6245L3Z8,LUIEU6245L,9088346475307919,AXIS0KSWKED,Kolkata,West Bengal,2023-05-11,Active,Low,info@silverline.com,+916396316186,30,2025-07-23
VEN-100376,Sagar Enterprises Pvt Ltd,Goods Supplier,07HNLJA3939E9ZQ,HNLJA3939E,739283861532742948,BARB0TIWVGK,Delhi,Delhi,2024-08-12,Active,Medium,accounts@sagarsupplies.in,+918772681287,30,2025-07-07
VEN-100377,Aarav Builders LLP,Contractor,27BXEWN6079P7ZZ,BXEWN6079P,901734254067,KKBK0CE619P,Pune,Maharashtra,2021-10-04,Active,Low,info@aarav.com,+916067442186,30,2025-05-08
VEN-100378,Trident Solutions Pvt Ltd,Service Provider,27TRDJF0626U9Z6,TRDJF0626U,645032291000860908,SBIN0Q1ITBM,Mumbai,Maharashtra,2021-01-14,Active,Low,info@trident.com,+917231433408,45,2026-01-13
VEN-100379,Himalaya Distributors Pvt Ltd,Goods Supplier,29PZCNZ8195U7Z8,PZCNZ8195U,1769600945757007,ICIC0BQRM2D,Bengaluru,Karnataka,2018-11-07,Active,Low,accounts@himalayasupplies.in,+917959732675,90,2025-10-23
VEN-100380,Indus Softwares Pvt Ltd,IT Vendor,29FBXZU6285F8Z0,FBXZU6285F,801612058920,UTIB0BP868A,Bengaluru,Karnataka,2021-07-25,Active,Medium,info@indus.com,+919093145778,60,2025-01-21
VEN-100381,Vishnu Technologies Pvt Ltd,IT Vendor,19XPDSG4436C6Z8,XPDSG4436C,190873443733908919,SBIN06F9WQI,Kolkata,West Bengal,2021-11-11,Active,Low,info@vishnu.com,+919972086666,30,2026-04-12
VEN-100382,Deepak Freight Services,Logistics Partner,07PREDC7379C9ZC,PREDC7379C,146558577981578227,IOBA006H3RF,Delhi,Delhi,2019-08-14,Active,Low,info@deepak.com,+918114515227,60,2025-07-16
VEN-100383,Uday Distributors Pvt Ltd,Goods Supplier,27QWEHJ2354V2Z0,QWEHJ2354V,296702735924,AXIS0LCOCB8,Pune,Maharashtra,2020-03-27,Active,Low,accounts@udaysupplies.in,+918880848901,45,2025-09-12
VEN-100384,Continental Facility Services Pvt Ltd,Service Provider,33RAQYI6897V8ZE,RAQYI6897V,460499989721155851,ICIC0AOJV6G,Chennai,Tamil Nadu,2021-09-19,Active,Low,info@continental.com,+917760471997,30,2025-09-21
VEN-100385,Northgate Contractors & Builders,Contractor,27XQMUI2590K7ZO,XQMUI2590K,821007971389500589,AXIS0RSX4NL,Pune,Maharashtra,2018-01-19,Active,Low,info@northgate.com,+917822612788,30,2025-11-24
VEN-100386,Bharat Consulting LLP,Service Provider,06SMVMS3938G4Z3,SMVMS3938G,87289103443307,IOBA0P7UE4R,Gurugram,Haryana,2022-07-07,Active,Medium,info@bharat.com,+918411621277,30,2025-04-15
VEN-100387,Deepak Builders LLP,Contractor,06LVYCZ1096S7Z9,LVYCZ1096S,213351779604836401,ICIC0HOI0KK,Gurugram,Haryana,2022-03-07,Active,Low,info@deepak.com,+919464500971,60,2025-01-21
VEN-100388,Goldcrest Facility Services Pvt Ltd,Service Provider,27VOVQT2618W3Z0,VOVQT2618W,811215809535490395,IOBA0NGKPIZ,Mumbai,Maharashtra,2021-01-07,Active,Low,info@goldcrest.com,+916212896231,45,2025-03-18
VEN-100389,Kaveri Facility Services Pvt Ltd,Service Provider,27ELYRY1262U4ZN,ELYRY1262U,41940601150633,IOBA05S93Z8,Pune,Maharashtra,2023-09-10,Active,Low,info@kaveri.com,+918580352200,30,2026-02-03
VEN-100390,Southbridge Distributors Pvt Ltd,Goods Supplier,33DANED3707L4ZQ,DANED3707L,197524988389430079,SBIN0K3AXT0,Chennai,Tamil Nadu,2025-11-07,Inactive,Low,accounts@southbridgesupplies.in,+919598646977,60,2025-05-05
VEN-100391,Northgate Raw Materials Ltd,Raw Material Supplier,36ZRWNF0859N8ZO,ZRWNF0859N,31925712227523,CNRB0T1GMHC,Hyderabad,Telangana,2019-11-04,Active,Low,info@northgate.com,+918813140511,30,2025-06-09
VEN-100392,Kaveri Systems Pvt Ltd,IT Vendor,33JJXNH9641X7Z0,JJXNH9641X,8712143069991446,SBIN0BRVIXU,Chennai,Tamil Nadu,2018-08-13,Suspended,High,info@kaveri.com,+917157263974,30,2026-05-13
VEN-100393,Vishnu Trading Co,Goods Supplier,36SEHCG7644Z2ZW,SEHCG7644Z,18611421101835,PUNB07F2F13,Hyderabad,Telangana,2019-12-20,Active,Low,accounts@vishnusupplies.in,+916106322642,30,2025-12-09
VEN-100394,Aarav Services Pvt Ltd,Service Provider,27UDJVT5622S7Z5,UDJVT5622S,171596179053,UTIB0Z7P16J,Pune,Maharashtra,2022-12-02,Active,Medium,info@aarav.com,+918847904950,45,2025-05-13
VEN-100395,Metrocorp Industrial Supplies Pvt Ltd,Goods Supplier,24STKRW9173Y7ZP,STKRW9173Y,2055095572822125,IOBA015VX9S,Ahmedabad,Gujarat,2019-05-25,Blacklisted,High,accounts@metrocorpsupplies.in,+916036307574,45,2023-01-13
VEN-100396,Skyline Raw Materials Ltd,Raw Material Supplier,24FZEZN9771X7ZG,FZEZN9771X,82258712739011,SBIN06HQN05,Ahmedabad,Gujarat,2020-03-18,Active,Low,info@skyline.com,+917029915786,30,2025-01-22
VEN-100397,Shreeji Industrial Supplies Pvt Ltd,Goods Supplier,27UGYPU0758W2ZC,UGYPU0758W,45413106618125,KKBK05W0F5N,Mumbai,Maharashtra,2022-12-06,Active,Low,accounts@shreejisupplies.in,+916492920339,30,2025-02-14
VEN-100398,Falcon Builders LLP,Contractor,36PRDRH8319V6ZG,PRDRH8319V,789711479814,IOBA05B4RCH,Hyderabad,Telangana,2020-04-27,Active,Low,info@falcon.com,+917862445583,45,2026-03-08
VEN-100399,Indus Services Pvt Ltd,Service Provider,07AZAOY9038Y3ZI,AZAOY9038Y,189928019730937608,SBIN01D22KT,Delhi,Delhi,2019-01-09,Active,Low,info@indus.com,+918474601066,30,2025-06-14
VEN-100400,Vishnu Distributors Pvt Ltd,Goods Supplier,36VXNSL1959E4ZP,VXNSL1959E,217588436818,KKBK0732LU1,Hyderabad,Telangana,2021-01-14,Active,Low,accounts@vishnusupplies.in,+916735602955,60,2025-02-16
VEN-100401,Sundaram Enterprises Pvt Ltd,Goods Supplier,27JHKFT7970N9Z6,JHKFT7970N,07480160692261,SBIN0ZIZLIR,Mumbai,Maharashtra,2018-09-26,Active,Low,accounts@sundaramsupplies.in,+919076296959,30,2025-01-16
VEN-100402,Nandi Industrial Supplies Pvt Ltd,Goods Supplier,33LEHBO3074P5ZS,LEHBO3074P,99432466456304,UTIB09VOMNQ,Chennai,Tamil Nadu,2022-08-09,Active,Low,accounts@nandisupplies.in,+916213034046,15,2026-04-22
VEN-100403,Falcon Industrial Supplies Pvt Ltd,Goods Supplier,09XTFII9474I8Z2,XTFII9474I,91259708792207,KKBK09M32EA,Noida,Uttar Pradesh,2025-05-09,Active,Low,accounts@falconsupplies.in,+918108492194,45,2026-06-14
VEN-100404,Vishnu Enterprises Pvt Ltd,Goods Supplier,09OVOXF7516X6Z0,OVOXF7516X,89437627998665,HDFC07ZFJ5D,Noida,Uttar Pradesh,2019-01-27,Suspended,Medium,accounts@vishnusupplies.in,+916333381494,30,2026-07-10
VEN-100405,Prime Services Pvt Ltd,Service Provider,09LJOEL2666W2Z5,LJOEL2666W,009176565868,PUNB08GD7G4,Noida,Uttar Pradesh,2025-08-08,Active,Medium,info@prime.com,+919032282874,30,2026-03-08
VEN-100406,Nexora Trading Co,Goods Supplier,24VNTIE5453T7Z3,VNTIE5453T,169195408567862592,ICIC000R5MJ,Ahmedabad,Gujarat,2025-02-22,Active,Low,accounts@nexorasupplies.in,+919671621878,30,2025-07-05
VEN-100407,Lakshmi Contractors & Builders,Contractor,09QQPCL5128C2ZV,QQPCL5128C,9217446248641296,BARB0U4CCZL,Noida,Uttar Pradesh,2020-12-04,Active,Medium,info@lakshmi.com,+917655723801,30,2025-05-10
VEN-100408,Yamuna Trading Co,Goods Supplier,06JOHTM5311V5ZP,JOHTM5311V,573794847866,KKBK07CWTGW,Gurugram,Haryana,2024-06-02,Active,Low,accounts@yamunasupplies.in,+918318412231,30,2025-01-10
VEN-100409,Shreeji Consulting LLP,Service Provider,07OIGBH2257Z2ZQ,OIGBH2257Z,331849411335268992,KKBK01JIC0G,Delhi,Delhi,2025-04-30,Active,Low,info@shreeji.com,+918453636489,30,2025-11-07
VEN-100410,Aarav Logistics,Logistics Partner,07VDZWS2078R1Z3,VDZWS2078R,8003267369513158,KKBK0MOI8HH,Delhi,Delhi,2022-05-02,Active,Low,info@aarav.com,+918773826860,30,2025-08-06
VEN-100411,Himalaya Distributors Pvt Ltd,Goods Supplier,24ECFPN8734E9Z6,ECFPN8734E,23985712138618,ICIC08W61NG,Ahmedabad,Gujarat,2021-02-01,Active,Low,accounts@himalayasupplies.in,+917343430391,30,2025-06-30
VEN-100412,Silverline Builders LLP,Contractor,33CBGCC8525I4ZP,CBGCC8525I,328641267201967861,ICIC05BGYNF,Chennai,Tamil Nadu,2019-06-25,Inactive,Low,info@silverline.com,+916595421859,60,
VEN-100413,Deepak Industrial Supplies Pvt Ltd,Goods Supplier,27UIMJO6248J6ZX,UIMJO6248J,167098614279371969,CNRB0WGYI9O,Mumbai,Maharashtra,2025-03-11,Active,Medium,accounts@deepaksupplies.in,+918305364497,30,2025-03-15
VEN-100414,Southbridge Solutions Pvt Ltd,Service Provider,33DZQRH2700J2Z3,DZQRH2700J,346023286710291502,UTIB0X8ODEW,Chennai,Tamil Nadu,2024-09-10,Active,Low,info@southbridge.com,+919635611530,45,2026-04-18
VEN-100415,Sagar Facility Services Pvt Ltd,Service Provider,27NSNRJ3494R1ZQ,NSNRJ3494R,763251552734,HDFC0GRIU39,Mumbai,Maharashtra,2023-08-08,Active,Low,info@sagar.com,+918568155775,45,2026-05-23
VEN-100416,Southbridge Trading Co,Goods Supplier,29IZAMR1061D4ZD,IZAMR1061D,484014988586,BARB04505Q8,Bengaluru,Karnataka,2021-12-03,Active,Low,accounts@southbridgesupplies.in,+918215323748,30,2025-10-18
VEN-100417,Metrocorp Facility Services Pvt Ltd,Service Provider,27HQXQB9947I1ZA,HQXQB9947I,5829551165481769,ICIC0WNDGNK,Mumbai,Maharashtra,2025-12-12,Active,Low,info@metrocorp.com,+918580072646,30,2026-02-09
VEN-100418,Jaya Raw Materials Ltd,Raw Material Supplier,09EXTKB6180Y6Z1,EXTKB6180Y,36395124221881,BARB00Y3150,Noida,Uttar Pradesh,2023-05-28,Active,Low,info@jaya.com,+919128538884,45,2025-03-14
VEN-100419,Crystal Infra Projects Pvt Ltd,Contractor,27MBOAV2833F5Z4,MBOAV2833F,89530614920323,HDFC05JQXNV,Mumbai,Maharashtra,2018-05-30,Active,Low,info@crystal.com,+916304798417,30,2026-05-24
VEN-100420,Riverside Consulting LLP,Service Provider,29HWZAB7858V1ZZ,HWZAB7858V,076441489314025278,CNRB0KZ0PT2,Bengaluru,Karnataka,2019-01-05,Active,Low,info@riverside.com,+917913660927,60,2025-08-14
VEN-100421,Nandi Consulting LLP,Service Provider,19HQNGS5097T8ZH,HQNGS5097T,219272381966,UTIB0Y0U9LA,Kolkata,West Bengal,2023-05-03,Active,Low,info@nandi.com,+919034236560,60,2025-01-27
VEN-100422,Prime Freight Services,Logistics Partner,24PTIVL4770D9ZO,PTIVL4770D,8945551379107902,CNRB0AK1999,Ahmedabad,Gujarat,2022-04-30,Active,Low,info@prime.com,+918884000365,30,2025-03-23
VEN-100423,Continental Enterprises Pvt Ltd,Goods Supplier,06LGUGM2186H2Z2,LGUGM2186H,68507072268376,AXIS03I427K,Gurugram,Haryana,2025-05-01,Active,Low,accounts@continentalsupplies.in,+918137346496,30,2025-05-23
VEN-100424,Deepak Industrial Supplies Pvt Ltd,Goods Supplier,27FISTU7935V3ZO,FISTU7935V,999596751876,CNRB0IB7KWB,Mumbai,Maharashtra,2025-01-11,Active,Low,accounts@deepaksupplies.in,+916649405034,30,2026-03-15
VEN-100425,Crystal Trading Co,Goods Supplier,19KPDGH3049S8ZC,KPDGH3049S,80125971046918,KKBK0WCEKP4,Kolkata,West Bengal,2024-11-20,Active,Low,accounts@crystalsupplies.in,+916099967477,60,2026-06-06
VEN-100426,Shreeji Enterprises Pvt Ltd,Goods Supplier,27LIESH7240Q9ZW,LIESH7240Q,237909874283312421,IOBA0ZRXN57,Pune,Maharashtra,2023-12-12,Active,Medium,accounts@shreejisupplies.in,+917080295758,30,2025-04-23
VEN-100427,Bharat InfoTech Pvt Ltd,IT Vendor,09MCDHR9872C6ZA,MCDHR9872C,2657739497386806,HDFC08LV77G,Noida,Uttar Pradesh,2019-01-19,Active,Low,info@bharat.com,+917605724467,30,2025-09-27
VEN-100428,Skyline Constructions Pvt Ltd,Contractor,27MREHG2473L9ZU,MREHG2473L,0187293614316774,UTIB0LO197U,Pune,Maharashtra,2021-02-25,Active,Low,info@skyline.com,+918484204260,30,2025-08-15
VEN-100429,Everest Constructions Pvt Ltd,Contractor,19CZPDO9037K6ZZ,CZPDO9037K,653115828932,PUNB0X10X3E,Kolkata,West Bengal,2018-11-18,Active,Low,info@everest.com,+917078348880,45,2026-03-02
VEN-100430,Goldcrest Trading Co,Goods Supplier,27PKVWU4734D5ZU,PKVWU4734D,209549520433512932,AXIS0H3B5M3,Mumbai,Maharashtra,2019-03-02,Inactive,Low,accounts@goldcrestsupplies.in,+917048587044,60,2019-07-29
VEN-100431,Metrocorp Facility Services Pvt Ltd,Service Provider,09GFOMM9244R2Z6,GFOMM9244R,637171490418475324,IOBA0PV9BWK,Noida,Uttar Pradesh,2019-08-18,Active,Low,info@metrocorp.com,+918524997815,60,2025-01-11
VEN-100432,Falcon Solutions Pvt Ltd,Service Provider,33ZASFC4065C6ZZ,ZASFC4065C,30129473795625,ICIC0QA93SL,Chennai,Tamil Nadu,2024-11-07,Active,Medium,info@falcon.com,+918976920229,45,2025-05-27
VEN-100433,Shreeji Enterprises Pvt Ltd,Goods Supplier,27ZDULM3723Y7ZU,ZDULM3723Y,3558899878547654,AXIS06VURCF,Mumbai,Maharashtra,2022-11-30,Blacklisted,High,accounts@shreejisupplies.in,+919399131539,15,2024-04-27
VEN-100434,Apex Freight Services,Logistics Partner,27HMBSG6988P8ZV,HMBSG6988P,48780081781480,HDFC0BU9UNQ,Mumbai,Maharashtra,2021-10-08,Inactive,Low,info@apex.com,+917959594860,60,
VEN-100435,Sundaram Systems Pvt Ltd,IT Vendor,33HFNET8023K8Z5,HFNET8023K,091036010648936987,SBIN0BDAAKE,Chennai,Tamil Nadu,2024-07-12,Inactive,Low,info@sundaram.com,+918240337586,30,2024-12-08
VEN-100436,Goldcrest Solutions Pvt Ltd,Service Provider,06LQRHI9572Q4ZG,LQRHI9572Q,40161153350768,HDFC05HCW6C,Gurugram,Haryana,2021-01-24,Active,Low,info@goldcrest.com,+919567427644,30,2025-08-28
VEN-100437,Bluepeak Technologies Pvt Ltd,IT Vendor,29UYKAN9899G3Z8,UYKAN9899G,7007133462131847,SBIN0OUDHCG,Bengaluru,Karnataka,2021-12-02,Active,Low,info@bluepeak.com,+919877017178,60,2026-03-11
VEN-100438,Goldcrest Contractors & Builders,Contractor,29RZAXE2350T7Z4,RZAXE2350T,11243642380941,CNRB0UG2O3V,Bengaluru,Karnataka,2023-01-26,Active,Low,info@goldcrest.com,+919606640471,60,2026-04-07
VEN-100439,Yamuna Consulting LLP,Service Provider,24ZCELT8009W5ZC,ZCELT8009W,440840534670224420,ICIC0C1Q833,Ahmedabad,Gujarat,2025-10-07,Active,Low,info@yamuna.com,+919628875403,30,2025-11-27
VEN-100440,Sundaram Consulting LLP,Service Provider,09TKAYG6884D4ZG,TKAYG6884D,6576052926150312,HDFC0E0E49L,Noida,Uttar Pradesh,2024-10-13,Active,Low,info@sundaram.com,+918267644554,45,2025-12-18
VEN-100441,Quantum Facility Services Pvt Ltd,Service Provider,07WMNEK4650P9ZM,WMNEK4650P,293236061349,HDFC0RAQZDJ,Delhi,Delhi,2022-10-07,Active,Low,info@quantum.com,+917951177447,30,2025-10-13
VEN-100442,Ravi Services Pvt Ltd,Service Provider,27RQQNN2472O3ZB,RQQNN2472O,253419369466169579,AXIS0L5MOY0,Pune,Maharashtra,2022-06-06,Active,Low,info@ravi.com,+917813819932,15,2025-07-31
VEN-100443,Xenon Constructions Pvt Ltd,Contractor,27LGELQ8889H8Z4,LGELQ8889H,764543798576,CNRB0PFT2TT,Pune,Maharashtra,2023-03-23,Active,Low,info@xenon.com,+919411287114,30,2025-09-06
VEN-100444,Himalaya Softwares Pvt Ltd,IT Vendor,27QBXMG2247W5ZH,QBXMG2247W,712233291644,IOBA05S4LU9,Mumbai,Maharashtra,2022-10-09,Active,Low,info@himalaya.com,+916277946131,15,2025-11-18
VEN-100445,Sagar Facility Services Pvt Ltd,Service Provider,27WMMJR0221T2ZC,WMMJR0221T,4560787873069529,CNRB0VY2K89,Pune,Maharashtra,2024-05-16,Active,Low,info@sagar.com,+917065018095,30,2025-08-22
VEN-100446,Unity Distributors Pvt Ltd,Goods Supplier,33NUIQF1015G8ZJ,NUIQF1015G,581871864076,UTIB0MBHAN9,Chennai,Tamil Nadu,2019-11-30,Active,Low,accounts@unitysupplies.in,+918617108541,60,2025-11-08
VEN-100447,Wave Enterprises Pvt Ltd,Goods Supplier,27OEUTF5351J4Z9,OEUTF5351J,1778619967729483,SBIN0BQTBBK,Pune,Maharashtra,2023-01-12,Active,Low,accounts@wavesupplies.in,+919389707272,30,2025-11-26
VEN-100448,Sagar Consulting LLP,Service Provider,36TUQLH0179S8Z2,TUQLH0179S,694263162391173741,SBIN0LKKFBJ,Hyderabad,Telangana,2021-02-14,Active,Low,info@sagar.com,+916178679377,30,2025-11-25
VEN-100449,Xenon Consulting LLP,Service Provider,29RSGTA1434B9Z3,RSGTA1434B,0405774567597578,ICIC0KGN62O,Bengaluru,Karnataka,2025-08-11,Active,Medium,info@xenon.com,+917606356840,45,2025-08-14
VEN-100450,Sagar Contractors & Builders,Contractor,27IDWPT5628L3ZC,IDWPT5628L,21068759332234,IOBA08XR0VX,Mumbai,Maharashtra,2020-02-08,Active,Medium,info@sagar.com,+917343238019,60,2025-05-05
VEN-100451,Himalaya Industrial Supplies Pvt Ltd,Goods Supplier,06TJZKF0545O1Z0,TJZKF0545O,848398483906349263,SBIN0U60I5G,Gurugram,Haryana,2021-05-06,Active,Medium,accounts@himalayasupplies.in,+918341199781,15,2025-04-23
VEN-100452,Nexora InfoTech Pvt Ltd,IT Vendor,07KJVQA0047E7Z2,KJVQA0047E,771132409448488048,IOBA04NDMPH,Delhi,Delhi,2024-02-06,Active,Low,info@nexora.com,+917200481216,30,2026-04-19
VEN-100453,Silverline Infra Projects Pvt Ltd,Contractor,19DKRPY0930G3Z0,DKRPY0930G,68230481894942,UTIB04ARXCW,Kolkata,West Bengal,2022-07-11,Inactive,Medium,info@silverline.com,+919663503691,30,
VEN-100454,Starlite Enterprises Pvt Ltd,Goods Supplier,27JLOYZ9188Q4Z9,JLOYZ9188Q,71757550556911,SBIN0MU8XPJ,Mumbai,Maharashtra,2025-05-18,Inactive,Low,accounts@starlitesupplies.in,+919299841902,45,
VEN-100455,Continental Logistics,Logistics Partner,27KDVTU9276M4ZF,KDVTU9276M,0928179146701316,UTIB08FTJL5,Mumbai,Maharashtra,2024-11-30,Inactive,Medium,info@continental.com,+916381458677,30,
VEN-100456,Apex Chemicals Pvt Ltd,Raw Material Supplier,07WMSLB1787I9ZL,WMSLB1787I,623074524298465686,HDFC0LLSYK4,Delhi,Delhi,2025-01-08,Active,Low,info@apex.com,+919870644803,60,2026-03-26
VEN-100457,Nexora Constructions Pvt Ltd,Contractor,36AYCXU7828L6ZF,AYCXU7828L,4049272753438883,BARB0JSYBBW,Hyderabad,Telangana,2020-04-11,Active,Low,info@nexora.com,+917728434311,30,2025-07-14
VEN-100458,Bluepeak Infra Projects Pvt Ltd,Contractor,19NKSFC5842W6ZY,NKSFC5842W,3919882509405624,PUNB088N708,Kolkata,West Bengal,2021-06-07,Active,Low,info@bluepeak.com,+917485689779,60,2025-09-27
VEN-100459,Ravi Solutions Pvt Ltd,Service Provider,29JYDWZ2519Z9ZU,JYDWZ2519Z,1823798228445090,UTIB0K2CV5O,Bengaluru,Karnataka,2022-01-12,Active,Low,info@ravi.com,+916747992456,30,2026-06-05
VEN-100460,Deepak Freight Services,Logistics Partner,24ZBTPU0041G4ZB,ZBTPU0041G,09730476834813,SBIN0PVH6E8,Ahmedabad,Gujarat,2023-06-17,Active,Medium,info@deepak.com,+918069031950,30,2025-01-29
VEN-100461,Metrocorp Softwares Pvt Ltd,IT Vendor,24YEQEF3895S3ZS,YEQEF3895S,58469871991651,ICIC0HLZXXX,Ahmedabad,Gujarat,2020-03-07,Active,Medium,info@metrocorp.com,+916332814399,60,2025-04-12
VEN-100462,Sundaram Softwares Pvt Ltd,IT Vendor,09OSNTQ2172U7ZP,OSNTQ2172U,344343472608108751,AXIS0QJ1A6Y,Noida,Uttar Pradesh,2022-08-18,Active,Low,info@sundaram.com,+917560241237,30,2025-01-16
VEN-100463,Sagar Trading Co,Goods Supplier,09DHXRX3132M1Z9,DHXRX3132M,56296793969408,KKBK0AWTHLM,Noida,Uttar Pradesh,2021-11-26,Active,Low,accounts@sagarsupplies.in,+917011705179,60,2026-02-12
VEN-100464,Maruti Enterprises Pvt Ltd,Goods Supplier,24GTKXF0825B8ZU,GTKXF0825B,103060437476,CNRB0R67BKY,Ahmedabad,Gujarat,2019-05-29,Inactive,Low,accounts@marutisupplies.in,+917903952637,30,
VEN-100465,Apex Softwares Pvt Ltd,IT Vendor,36DZBRK5619L1Z9,DZBRK5619L,600035870508,UTIB0XNAMGQ,Hyderabad,Telangana,2021-06-08,Active,High,info@apex.com,+919484822793,30,2025-06-14
VEN-100466,Nexora Facility Services Pvt Ltd,Service Provider,24DLSOF4839N7ZT,DLSOF4839N,433337221186695746,PUNB0EGJGWY,Ahmedabad,Gujarat,2025-04-24,Active,Low,info@nexora.com,+917694902519,45,2026-05-22
VEN-100467,Trident Trading Co,Goods Supplier,07IGTTM6756B2Z4,IGTTM6756B,098309379306,AXIS0LTHPA3,Delhi,Delhi,2022-12-09,Active,Low,accounts@tridentsupplies.in,+919154969961,30,2025-02-10
VEN-100468,Sagar Distributors Pvt Ltd,Goods Supplier,29EARVY5189V6ZL,EARVY5189V,801331976937,ICIC0CZHMLZ,Bengaluru,Karnataka,2019-06-02,Active,Low,accounts@sagarsupplies.in,+916490234407,60,2026-04-15
VEN-100469,Prime Contractors & Builders,Contractor,27ZQTAJ9306W7ZL,ZQTAJ9306W,8874397542990635,ICIC004R862,Mumbai,Maharashtra,2019-05-01,Active,Medium,info@prime.com,+916773905996,30,2025-04-19
VEN-100470,Kalpana Constructions Pvt Ltd,Contractor,07TCCYA7200K9ZC,TCCYA7200K,874747584509285117,PUNB06BZ5ML,Delhi,Delhi,2020-11-03,Active,Low,info@kalpana.com,+918875692700,30,2025-03-03
VEN-100471,Vishnu Contractors & Builders,Contractor,27XLZRI7966C5ZK,XLZRI7966C,383345721648379484,SBIN05RF05B,Pune,Maharashtra,2023-11-02,Active,Low,info@vishnu.com,+917192042141,60,2026-07-17
VEN-100472,Ganges Distributors Pvt Ltd,Goods Supplier,36MLWMR3197T5Z9,MLWMR3197T,54249633665533,SBIN0DY2GF7,Hyderabad,Telangana,2019-04-24,Inactive,Medium,accounts@gangessupplies.in,+919755311369,30,
VEN-100473,Jaya Distributors Pvt Ltd,Goods Supplier,36XIWJD3549X5Z4,XIWJD3549X,317737420365794382,PUNB0YL4QQ7,Hyderabad,Telangana,2024-08-01,Active,Low,accounts@jayasupplies.in,+916222064379,30,2026-01-27
VEN-100474,Apex Builders LLP,Contractor,19CHHSL1191K9ZU,CHHSL1191K,1830431676370577,UTIB0225IX8,Kolkata,West Bengal,2025-01-01,Active,Low,info@apex.com,+916455631884,30,2025-09-25
VEN-100475,Kalpana Industrial Supplies Pvt Ltd,Goods Supplier,27VFBFG1853Y7Z1,VFBFG1853Y,4665052507538125,BARB0AKI57L,Mumbai,Maharashtra,2019-11-01,Inactive,Low,accounts@kalpanasupplies.in,+918449672131,15,
VEN-100476,Nandi Systems Pvt Ltd,IT Vendor,09VJBQO8253G3ZL,VJBQO8253G,47743794576901,HDFC0UMUYXA,Noida,Uttar Pradesh,2021-03-09,Suspended,Low,info@nandi.com,+918214804078,30,2025-09-27
VEN-100477,Himalaya Services Pvt Ltd,Service Provider,09TRAYM0028S9ZH,TRAYM0028S,0506233044108698,IOBA0P79OY6,Noida,Uttar Pradesh,2022-07-18,Active,Low,info@himalaya.com,+919577772038,45,2026-01-18
VEN-100478,Ravi Constructions Pvt Ltd,Contractor,29QKPJZ7168V9ZQ,QKPJZ7168V,9021964568399136,SBIN0UKZSTE,Bengaluru,Karnataka,2023-08-18,Blacklisted,High,info@ravi.com,+916525976743,60,2024-02-25
VEN-100479,Trident Facility Services Pvt Ltd,Service Provider,07JKTCQ4881A9Z6,JKTCQ4881A,109248508001170294,AXIS0N0LCDA,Delhi,Delhi,2020-09-06,Active,Low,info@trident.com,+919943247774,45,2025-12-26
VEN-100480,Southbridge Transport Pvt Ltd,Logistics Partner,06JZTCG0286D8ZO,JZTCG0286D,2903782401879454,BARB0DXN1LP,Gurugram,Haryana,2020-07-14,Active,Low,info@southbridge.com,+918646904237,45,2025-06-30
VEN-100481,Om Sai Softwares Pvt Ltd,IT Vendor,07IRVFL7911X1ZS,IRVFL7911X,360566142540293499,SBIN045KNGZ,Delhi,Delhi,2019-06-23,Active,High,info@omsai.com,+917510237335,30,2026-06-22
VEN-100482,Unity Contractors & Builders,Contractor,29VIGMF6421R9Z4,VIGMF6421R,68174901646984,KKBK01BE6QD,Bengaluru,Karnataka,2022-09-09,Inactive,Low,info@unity.com,+917495486254,30,
VEN-100483,Starlite Services Pvt Ltd,Service Provider,27UUBHH6938T6ZJ,UUBHH6938T,538669665404356222,IOBA0L8XB86,Pune,Maharashtra,2024-01-28,Inactive,Low,info@starlite.com,+919256167861,45,2024-11-06
VEN-100484,Xenon Solutions Pvt Ltd,Service Provider,27SHGPQ3883M8ZH,SHGPQ3883M,516298901994952510,KKBK0MH3FB5,Mumbai,Maharashtra,2022-04-06,Active,Low,info@xenon.com,+916252796285,30,2025-12-12
VEN-100485,Lakshmi Chemicals Pvt Ltd,Raw Material Supplier,29FQOGO8153H3ZO,FQOGO8153H,50156981242689,IOBA038BKLD,Bengaluru,Karnataka,2018-07-25,Inactive,Low,info@lakshmi.com,+919473635284,60,
VEN-100486,Zenith Facility Services Pvt Ltd,Service Provider,24PJSPS3723M5ZF,PJSPS3723M,8389656070530444,KKBK098DZH6,Ahmedabad,Gujarat,2025-11-25,Active,Medium,info@zenith.com,+916937090600,15,2026-03-20
VEN-100487,Deepak Distributors Pvt Ltd,Goods Supplier,07XFING0067X3ZI,XFING0067X,982817018114771920,SBIN0RI0I24,Delhi,Delhi,2018-11-16,Inactive,Low,accounts@deepaksupplies.in,+918522112670,30,
VEN-100488,Zenith Facility Services Pvt Ltd,Service Provider,36SXMQN7584I9ZQ,SXMQN7584I,54825326433310,KKBK0RRGLR5,Hyderabad,Telangana,2025-03-22,Active,Low,info@zenith.com,+917923732192,30,2026-02-12
VEN-100489,Maruti Freight Services,Logistics Partner,27MKQLP3549P2ZM,MKQLP3549P,1919172025047462,HDFC0SLVRFI,Mumbai,Maharashtra,2021-01-27,Active,Low,info@maruti.com,+916918377617,30,2026-01-29
VEN-100490,Indus Industrial Supplies Pvt Ltd,Goods Supplier,27ADKFU8459G1Z4,ADKFU8459G,82404994048698,IOBA0KJWQMB,Mumbai,Maharashtra,2021-10-28,Inactive,Low,accounts@indussupplies.in,+918872842939,90,
VEN-100491,Kaveri Contractors & Builders,Contractor,24OVFYM1053X7ZQ,OVFYM1053X,2269679044493334,UTIB0XE7F88,Ahmedabad,Gujarat,2024-11-19,Active,Low,info@kaveri.com,+919810714897,45,2025-06-05
VEN-100492,Shreeji Materials Pvt Ltd,Raw Material Supplier,07DZJRV3508K2Z2,DZJRV3508K,968113915658,IOBA04GU5RI,Delhi,Delhi,2019-04-04,Active,Low,info@shreeji.com,+918668352748,30,2025-11-13
VEN-100493,Himalaya Constructions Pvt Ltd,Contractor,33SABWD9172K6ZF,SABWD9172K,416955924011008214,KKBK0SVGTQP,Chennai,Tamil Nadu,2022-03-20,Active,Low,info@himalaya.com,+916812083015,30,2025-10-12
VEN-100494,Falcon Transport Pvt Ltd,Logistics Partner,27AJIPI1792E6ZW,AJIPI1792E,5896649847557034,ICIC0HVXWL8,Mumbai,Maharashtra,2021-04-25,Active,Low,info@falcon.com,+916865302282,30,2025-02-18
VEN-100495,Lakshmi Materials Pvt Ltd,Raw Material Supplier,27WTTUT6455R5Z7,WTTUT6455R,93716043240971,IOBA0OEW753,Mumbai,Maharashtra,2024-09-25,Blacklisted,High,info@lakshmi.com,+916011990772,30,2024-12-31
VEN-100496,Bharat Facility Services Pvt Ltd,Service Provider,33MPUJC1852A2Z4,MPUJC1852A,11854960874874,SBIN06MRQ2Z,Chennai,Tamil Nadu,2021-09-07,Inactive,Medium,info@bharat.com,+919361040399,45,
VEN-100497,Orion InfoTech Pvt Ltd,IT Vendor,27VPODD4973T1ZK,VPODD4973T,38280391231340,CNRB0DHQE0A,Mumbai,Maharashtra,2018-07-10,Inactive,Medium,info@orion.com,+916302381282,30,2024-09-09
VEN-100498,Sundaram Softwares Pvt Ltd,IT Vendor,09RCKYI8037E2Z6,RCKYI8037E,144352557016,BARB0P3TGQ4,Noida,Uttar Pradesh,2025-11-09,Active,Low,info@sundaram.com,+918578424638,30,2025-12-13
VEN-100499,Unity Facility Services Pvt Ltd,Service Provider,09HGWDK6494G5Z8,HGWDK6494G,85927220039210,PUNB0PT0375,Noida,Uttar Pradesh,2023-09-10,Inactive,Low,info@unity.com,+919352681316,15,
VEN-100500,Lakshmi Facility Services Pvt Ltd,Service Provider,27AMBXB4248E5ZH,AMBXB4248E,40755364624312,SBIN008H7YI,Mumbai,Maharashtra,2023-08-13,Active,Low,info@lakshmi.com,+918626770582,30,2025-09-08
VEN-100501,Northgate Systems Pvt Ltd,IT Vendor,27ZAYIR5501D5ZR,ZAYIR5501D,6214865041203423,PUNB0FKO3W8,Pune,Maharashtra,2024-02-24,Active,Low,info@northgate.com,+916195722300,45,2025-05-04
VEN-100502,Riverside Materials Pvt Ltd,Raw Material Supplier,09CYPCG5792P5ZY,CYPCG5792P,66088243059243,AXIS0RK5QZK,Noida,Uttar Pradesh,2019-01-30,Active,Low,info@riverside.com,+916712146211,15,2025-07-29
VEN-100503,Nandi Facility Services Pvt Ltd,Service Provider,07BXMAJ5681Y3ZD,BXMAJ5681Y,112825569989,AXIS0V5ZJKY,Delhi,Delhi,2021-06-05,Inactive,Low,info@nandi.com,+918227704359,15,
VEN-100504,Kalpana Constructions Pvt Ltd,Contractor,19NWOKQ7801H3ZF,NWOKQ7801H,568253523114,PUNB05SP35F,Kolkata,West Bengal,2021-07-22,Active,Low,info@kalpana.com,+918469300060,60,2025-02-01
VEN-100505,Everest Industrial Supplies Pvt Ltd,Goods Supplier,27EYCUO3776X3ZM,EYCUO3776X,3196720865449017,CNRB0M1D1F0,Mumbai,Maharashtra,2018-01-06,Active,Medium,accounts@everestsupplies.in,+919333554521,30,2025-08-22
VEN-100506,Ravi Raw Materials Ltd,Raw Material Supplier,29VUJBS6024T9ZT,VUJBS6024T,7066991020138155,HDFC09QYNJH,Bengaluru,Karnataka,2024-05-24,Active,Low,info@ravi.com,+917502106621,45,2025-11-11
VEN-100507,Everest Services Pvt Ltd,Service Provider,07KSJSN2370B7ZI,KSJSN2370B,193281773511876437,IOBA0IYJW08,Delhi,Delhi,2019-05-10,Active,Low,info@everest.com,+917827166632,45,2025-10-26
VEN-100508,Himalaya Trading Co,Goods Supplier,06VFNPW1788C2ZT,VFNPW1788C,775615612432887996,CNRB0HYZ3YU,Gurugram,Haryana,2025-12-10,Inactive,Low,accounts@himalayasupplies.in,+917208534585,30,2025-06-19
VEN-100509,Zenith Consulting LLP,Service Provider,19VPYXX8636L3Z3,VPYXX8636L,301572523485,KKBK07T57L5,Kolkata,West Bengal,2019-07-18,Active,Low,info@zenith.com,+916207715903,30,2025-12-12
VEN-100510,Trident Distributors Pvt Ltd,Goods Supplier,29UBSDD7001B9ZD,UBSDD7001B,3808014370128385,SBIN0F3MHRN,Bengaluru,Karnataka,2019-03-08,Blacklisted,High,accounts@tridentsupplies.in,+918702805412,30,2020-09-17
VEN-100511,Himalaya Solutions Pvt Ltd,Service Provider,27PDCJR0859S2ZI,PDCJR0859S,5974284559468868,BARB0RQORU3,Pune,Maharashtra,2018-10-25,Active,Low,info@himalaya.com,+919651527857,15,2025-06-29
VEN-100512,Aarav Cargo Movers Pvt Ltd,Logistics Partner,24UFUUL5906A9ZU,UFUUL5906A,31790473975266,AXIS0NWINK0,Ahmedabad,Gujarat,2024-08-06,Inactive,Medium,info@aarav.com,+919811663581,45,
VEN-100513,Vishnu Infra Projects Pvt Ltd,Contractor,27OOIQY2580V3ZC,OOIQY2580V,5972125273560094,PUNB00OILWE,Mumbai,Maharashtra,2023-08-28,Inactive,Medium,info@vishnu.com,+917068398005,45,
VEN-100514,Apex Industrial Supplies Pvt Ltd,Goods Supplier,24ILUWN8966B6ZE,ILUWN8966B,2845309877411077,UTIB0QTXXZK,Ahmedabad,Gujarat,2023-05-17,Active,Low,accounts@apexsupplies.in,+919962914019,30,2025-06-25
VEN-100515,Trident Industrial Supplies Pvt Ltd,Goods Supplier,33YMFZX6013H7ZF,YMFZX6013H,1453120622098313,CNRB01TFA1G,Chennai,Tamil Nadu,2022-08-31,Active,Low,accounts@tridentsupplies.in,+916997459086,15,2026-07-04
VEN-100516,Aarav Systems Pvt Ltd,IT Vendor,07YKOIV7647H9ZF,YKOIV7647H,816302790757,KKBK0EX4H2U,Delhi,Delhi,2020-04-09,Active,Medium,info@aarav.com,+916305081631,90,2026-01-10
VEN-100517,Prime Distributors Pvt Ltd,Goods Supplier,09RKDBQ9053M8Z2,RKDBQ9053M,2657891987962847,IOBA0IA4VCQ,Noida,Uttar Pradesh,2021-07-13,Active,Low,accounts@primesupplies.in,+918454896431,15,2026-02-16
VEN-100518,Yamuna Solutions Pvt Ltd,Service Provider,36ZEYLJ0676O8ZY,ZEYLJ0676O,316957183547756066,PUNB0DPVNVR,Hyderabad,Telangana,2022-01-30,Active,Low,info@yamuna.com,+916012573329,30,2026-02-08
VEN-100519,Quantum Enterprises Pvt Ltd,Goods Supplier,07GYRTW7829R2ZL,GYRTW7829R,106353949315458257,AXIS03UX3PD,Delhi,Delhi,2021-08-15,Active,Low,accounts@quantumsupplies.in,+919950346821,45,2025-05-03
VEN-100520,Bluepeak Logistics,Logistics Partner,09CMMBN7520L4ZP,CMMBN7520L,0218221624790743,HDFC0Y9UPN3,Noida,Uttar Pradesh,2023-06-28,Active,Low,info@bluepeak.com,+919359655687,30,2026-01-05
VEN-100521,Bluepeak Enterprises Pvt Ltd,Goods Supplier,29XYOXU4985N8ZY,XYOXU4985N,281759826743878253,BARB0WYTFB4,Bengaluru,Karnataka,2023-03-22,Active,Medium,accounts@bluepeaksupplies.in,+918658026891,30,2025-11-21
VEN-100522,Shreeji Enterprises Pvt Ltd,Goods Supplier,29AFQOE1385M7ZV,AFQOE1385M,48924649610357,SBIN0XAY27T,Bengaluru,Karnataka,2023-08-05,Active,Low,accounts@shreejisupplies.in,+916168666078,45,2026-03-02
VEN-100523,Everest Trading Co,Goods Supplier,19MAEMN0478P8ZK,MAEMN0478P,7364389365764857,KKBK01VPYN6,Kolkata,West Bengal,2019-03-17,Active,Medium,accounts@everestsupplies.in,+917969993155,45,2026-02-26
VEN-100524,Aarav Transport Pvt Ltd,Logistics Partner,24RPQGO2167H9ZD,RPQGO2167H,5344678282952287,BARB0P4WLUK,Ahmedabad,Gujarat,2021-03-15,Active,Low,info@aarav.com,+916365797278,30,2026-06-16
VEN-100525,Deepak Industrial Supplies Pvt Ltd,Goods Supplier,24TCUKU8518I9ZV,TCUKU8518I,555327735163087972,IOBA0Z8D2KS,Ahmedabad,Gujarat,2020-07-31,Active,Medium,accounts@deepaksupplies.in,+917985907619,15,2025-12-23
VEN-100526,Sundaram Infra Projects Pvt Ltd,Contractor,07HWNBV9590V8Z5,HWNBV9590V,101121674460,BARB0RO4D3W,Delhi,Delhi,2021-06-18,Active,Low,info@sundaram.com,+918697916705,30,2025-12-12
VEN-100527,Shreeji Trading Co,Goods Supplier,33WVUCT2127V7ZX,WVUCT2127V,98531530818933,ICIC0TQ0XPK,Chennai,Tamil Nadu,2022-05-15,Active,Low,accounts@shreejisupplies.in,+916724119553,60,2025-05-14
VEN-100528,Nexora Enterprises Pvt Ltd,Goods Supplier,06XUAZY4312P5Z3,XUAZY4312P,50794802126932,SBIN0TON7PA,Gurugram,Haryana,2018-09-13,Active,Low,accounts@nexorasupplies.in,+919957447635,60,2025-12-23
VEN-100529,Vishnu Solutions Pvt Ltd,Service Provider,06GVDVM0001Z9Z7,GVDVM0001Z,287424294400,ICIC0TOG51P,Gurugram,Haryana,2023-05-05,Active,Low,info@vishnu.com,+916410739829,90,2026-05-19
VEN-100530,Trident Solutions Pvt Ltd,Service Provider,27FALJW6475P1ZD,FALJW6475P,539876189988,KKBK0T2LITP,Mumbai,Maharashtra,2018-03-07,Active,Low,info@trident.com,+919433577056,30,2025-09-16
VEN-100531,Riverside Enterprises Pvt Ltd,Goods Supplier,36OYBST8620H2ZK,OYBST8620H,06582889369661,BARB0F4ELQ3,Hyderabad,Telangana,2023-07-23,Active,Low,accounts@riversidesupplies.in,+916452874265,45,2025-10-24
VEN-100532,Bharat Builders LLP,Contractor,24BVGWW9120O9ZA,BVGWW9120O,001608609997,PUNB0DPMIIZ,Ahmedabad,Gujarat,2018-10-28,Inactive,Low,info@bharat.com,+919975699588,90,2021-09-27
VEN-100533,Crystal Solutions Pvt Ltd,Service Provider,19LWJNY5454A9ZB,LWJNY5454A,820440883050,ICIC0XIHT95,Kolkata,West Bengal,2021-02-20,Inactive,Low,info@crystal.com,+919599462521,15,
VEN-100534,Bharat Infra Projects Pvt Ltd,Contractor,29MOGMR8527L2ZT,MOGMR8527L,168972632260430051,SBIN05XK8M9,Bengaluru,Karnataka,2018-01-01,Active,Low,info@bharat.com,+917246204931,90,2026-06-24
VEN-100535,Metrocorp Services Pvt Ltd,Service Provider,29QBHFV5773Y3ZD,QBHFV5773Y,127839025038019231,ICIC0MFNVP9,Bengaluru,Karnataka,2025-05-02,Active,Low,info@metrocorp.com,+919890575550,45,2026-05-10
VEN-100536,Trident Distributors Pvt Ltd,Goods Supplier,24DHLKW1231M7ZG,DHLKW1231M,658293649338032361,BARB04L6USZ,Ahmedabad,Gujarat,2020-02-21,Inactive,Low,accounts@tridentsupplies.in,+916006085782,30,
VEN-100537,Crystal Technologies Pvt Ltd,IT Vendor,33GJBMB5631Q5ZB,GJBMB5631Q,233877544072,HDFC0TXBVHF,Chennai,Tamil Nadu,2018-03-01,Active,Medium,info@crystal.com,+918791564272,30,2026-01-26
VEN-100538,Skyline Systems Pvt Ltd,IT Vendor,19IHCQP3909N3ZB,IHCQP3909N,129748644763,ICIC02AZ3WU,Kolkata,West Bengal,2024-05-29,Active,Low,info@skyline.com,+919909515944,45,2025-07-20
VEN-100539,Falcon Freight Services,Logistics Partner,33UAULZ4218C3Z7,UAULZ4218C,05274235370596,AXIS0ZY64OP,Chennai,Tamil Nadu,2019-10-27,Inactive,Low,info@falcon.com,+918064336311,15,
VEN-100540,Deepak Transport Pvt Ltd,Logistics Partner,07NTTMY7949M4ZF,NTTMY7949M,6611185688305807,PUNB0T9P6DZ,Delhi,Delhi,2024-10-27,Active,Low,info@deepak.com,+917283230976,30,2025-03-12
VEN-100541,Trident InfoTech Pvt Ltd,IT Vendor,33HXVIE2992N1ZY,HXVIE2992N,88646471669736,ICIC05GINVQ,Chennai,Tamil Nadu,2025-05-21,Blacklisted,High,info@trident.com,+917875394781,60,2025-02-04
VEN-100542,Indus Industrial Supplies Pvt Ltd,Goods Supplier,24WZOZS1125H8ZA,WZOZS1125H,27116509182189,BARB0K75146,Ahmedabad,Gujarat,2018-01-05,Active,Low,accounts@indussupplies.in,+919430085896,60,2025-05-05
VEN-100543,Sundaram Enterprises Pvt Ltd,Goods Supplier,07JCBSX2329S9Z3,JCBSX2329S,277513493600794790,IOBA0XYLF20,Delhi,Delhi,2020-06-11,Active,Medium,accounts@sundaramsupplies.in,+919400692008,90,2025-08-19
VEN-100544,Shreeji Materials Pvt Ltd,Raw Material Supplier,36CPXPU4507Y4ZR,CPXPU4507Y,521556167555561566,BARB021SFDU,Hyderabad,Telangana,2020-02-12,Active,Low,info@shreeji.com,+917004794955,15,2026-01-25
VEN-100545,Sundaram Industrial Supplies Pvt Ltd,Goods Supplier,19ZOYYU3591P8ZI,ZOYYU3591P,612670685265,SBIN0F65XCL,Kolkata,West Bengal,2022-07-20,Active,High,accounts@sundaramsupplies.in,+918739156380,30,2026-06-02
VEN-100546,Metrocorp Trading Co,Goods Supplier,27WMAOY0627K7ZH,WMAOY0627K,421841153770,ICIC0HNWI59,Mumbai,Maharashtra,2018-07-04,Active,Low,accounts@metrocorpsupplies.in,+919959700796,60,2025-03-02
VEN-100547,Metrocorp Enterprises Pvt Ltd,Goods Supplier,06PVXCV0108X6ZE,PVXCV0108X,051004309279057532,SBIN0SIEJ7U,Gurugram,Haryana,2021-05-03,Active,High,accounts@metrocorpsupplies.in,+916479751488,30,2025-03-14
VEN-100548,Prime Industrial Supplies Pvt Ltd,Goods Supplier,07URKRB8287L8ZG,URKRB8287L,39408947452722,CNRB0IJYB8X,Delhi,Delhi,2024-09-02,Active,Low,accounts@primesupplies.in,+916308973430,90,2025-06-13
VEN-100549,Falcon Industrial Supplies Pvt Ltd,Goods Supplier,36OITCM6766H2Z5,OITCM6766H,453661874361,HDFC0EMXBX9,Hyderabad,Telangana,2023-12-29,Blacklisted,High,accounts@falconsupplies.in,+917197939087,45,2024-01-23
VEN-100550,Bharat Enterprises Pvt Ltd,Goods Supplier,07SEWZR6266B8ZI,SEWZR6266B,947784597530,PUNB0NT1ZAO,Delhi,Delhi,2019-09-15,Active,Low,accounts@bharatsupplies.in,+916039845670,45,2025-04-07
VEN-100551,Riverside Chemicals Pvt Ltd,Raw Material Supplier,09QEOIT9630M2Z2,QEOIT9630M,449005995034,IOBA01P8H9O,Noida,Uttar Pradesh,2024-03-22,Active,Low,info@riverside.com,+918369803478,30,2025-01-09
VEN-100552,Skyline Enterprises Pvt Ltd,Goods Supplier,24BFJGX1151B3Z9,BFJGX1151B,73807008463075,KKBK0I85W3E,Ahmedabad,Gujarat,2018-10-06,Active,Low,accounts@skylinesupplies.in,+918994795948,15,2025-03-31
VEN-100553,Unity Distributors Pvt Ltd,Goods Supplier,29KGVKU1064L9ZB,KGVKU1064L,298619188270,PUNB0FY3SQ6,Bengaluru,Karnataka,2020-12-10,Active,Low,accounts@unitysupplies.in,+919765475235,30,2025-11-17
VEN-100554,Xenon Builders LLP,Contractor,07RJNST7947W4Z4,RJNST7947W,619415388691740122,SBIN0MU8N59,Delhi,Delhi,2020-09-24,Blacklisted,High,info@xenon.com,+917987099577,45,2024-11-08
VEN-100555,Shreeji Constructions Pvt Ltd,Contractor,27FBYSF1748E2ZF,FBYSF1748E,7071030216837284,AXIS0ELL8RO,Mumbai,Maharashtra,2021-05-10,Active,Low,info@shreeji.com,+916436817517,30,2026-07-09
VEN-100556,Vertex InfoTech Pvt Ltd,IT Vendor,29DCWYK0048N7ZT,DCWYK0048N,379053332726,UTIB0YE7BRP,Bengaluru,Karnataka,2019-12-06,Active,Low,info@vertex.com,+919118348092,60,2025-05-21
VEN-100557,Prime Freight Services,Logistics Partner,07DRWQY5499T2ZQ,DRWQY5499T,67976532588792,UTIB0Z6D2J8,Delhi,Delhi,2019-02-19,Suspended,Low,info@prime.com,+917073640928,60,2026-02-04
VEN-100558,Metrocorp Freight Services,Logistics Partner,33UKSSZ7993G6ZF,UKSSZ7993G,348395590220335959,BARB0XB3CRL,Chennai,Tamil Nadu,2020-01-31,Active,Low,info@metrocorp.com,+919182491379,30,2026-01-30
VEN-100559,Maruti Industrial Supplies Pvt Ltd,Goods Supplier,06YQPGX9833J4Z3,YQPGX9833J,527296056198911350,CNRB0A5DYAW,Gurugram,Haryana,2020-11-01,Active,Low,accounts@marutisupplies.in,+919046168057,15,2025-06-01
VEN-100560,Wave Distributors Pvt Ltd,Goods Supplier,33PKIEM1960Y6Z9,PKIEM1960Y,909366001811336910,IOBA08KSR7E,Chennai,Tamil Nadu,2023-06-27,Active,Low,accounts@wavesupplies.in,+916116317176,30,2026-05-12
VEN-100561,Quantum Systems Pvt Ltd,IT Vendor,19ZJXRF2167O4ZC,ZJXRF2167O,03468872245940,HDFC0JGIEHY,Kolkata,West Bengal,2023-11-21,Inactive,Low,info@quantum.com,+916041069929,45,2024-02-22
VEN-100562,Zenith InfoTech Pvt Ltd,IT Vendor,09TNGKF4219G3Z9,TNGKF4219G,95672939857668,SBIN0QC26VZ,Noida,Uttar Pradesh,2020-02-01,Active,Medium,info@zenith.com,+917867828103,60,2025-10-10
VEN-100563,Jaya Industrial Supplies Pvt Ltd,Goods Supplier,33IWYUQ3062M3ZP,IWYUQ3062M,523576332432,ICIC0SXNDFP,Chennai,Tamil Nadu,2021-03-05,Active,Low,accounts@jayasupplies.in,+918409075235,30,2025-07-09
VEN-100564,Shreeji Trading Co,Goods Supplier,27EZRBW4161C4ZF,EZRBW4161C,964540940482791437,UTIB0YPYJHJ,Mumbai,Maharashtra,2022-09-18,Active,Low,accounts@shreejisupplies.in,+918266330575,30,2025-08-27
VEN-100565,Om Sai Trading Co,Goods Supplier,27BVUMJ9549P1Z3,BVUMJ9549P,194357424439,KKBK0TDCO1U,Mumbai,Maharashtra,2020-04-12,Active,Low,accounts@omsaisupplies.in,+917407956941,45,2026-01-02
VEN-100566,Sagar Trading Co,Goods Supplier,29BJMAJ1546N5ZF,BJMAJ1546N,869655339442,AXIS0RVXA7P,Bengaluru,Karnataka,2024-09-17,Active,Low,accounts@sagarsupplies.in,+917727824288,30,2026-06-23
VEN-100567,Northgate Systems Pvt Ltd,IT Vendor,27BIKPM9965Y9ZH,BIKPM9965Y,210851614038,CNRB0CAPECS,Mumbai,Maharashtra,2022-05-12,Active,Low,info@northgate.com,+916358307200,15,2025-12-31
VEN-100568,Bharat Trading Co,Goods Supplier,19LWWNP1568A9ZR,LWWNP1568A,969232233025,AXIS017W6EX,Kolkata,West Bengal,2023-03-10,Inactive,Low,accounts@bharatsupplies.in,+919222136747,45,2024-09-13
VEN-100569,Om Sai Softwares Pvt Ltd,IT Vendor,19XOHTY1806P8ZI,XOHTY1806P,410231573015,IOBA0FCGCVX,Kolkata,West Bengal,2019-02-16,Active,High,info@omsai.com,+917003512001,30,2026-03-28
VEN-100570,Bharat Distributors Pvt Ltd,Goods Supplier,19JVLLU6382X1ZB,JVLLU6382X,6209975242279112,ICIC0YSTSX0,Kolkata,West Bengal,2018-11-30,Suspended,High,accounts@bharatsupplies.in,+917280879284,60,2025-04-15
VEN-100571,Yamuna InfoTech Pvt Ltd,IT Vendor,29GCUPW9035R8Z9,GCUPW9035R,638015856372257946,UTIB0KXS33Z,Bengaluru,Karnataka,2020-07-26,Suspended,Low,info@yamuna.com,+918958709908,15,2026-05-12
VEN-100572,Om Sai Trading Co,Goods Supplier,36JPQGJ5781D3ZB,JPQGJ5781D,99725108111662,KKBK0U67QOT,Hyderabad,Telangana,2019-08-17,Active,Low,accounts@omsaisupplies.in,+916384590480,30,2026-01-22
VEN-100573,Southbridge Softwares Pvt Ltd,IT Vendor,27TIULG7146F6ZQ,TIULG7146F,24431950035160,AXIS0KX5A2X,Mumbai,Maharashtra,2025-04-20,Active,Low,info@southbridge.com,+918365226861,45,2025-09-18
VEN-100574,Falcon Contractors & Builders,Contractor,29BRQAR3172R1Z2,BRQAR3172R,5828061191075913,SBIN0VJJZA0,Bengaluru,Karnataka,2023-08-13,Active,Low,info@falcon.com,+916397860355,15,2026-03-29
VEN-100575,Yamuna Constructions Pvt Ltd,Contractor,24NUYQH8771N3ZD,NUYQH8771N,6119811060122924,CNRB0XKVV3V,Ahmedabad,Gujarat,2022-08-18,Active,Low,info@yamuna.com,+918556517024,30,2025-06-22
VEN-100576,Kalpana Technologies Pvt Ltd,IT Vendor,29FEIOE0308I4ZX,FEIOE0308I,50369866560361,UTIB0RXU6KW,Bengaluru,Karnataka,2025-10-24,Active,Low,info@kalpana.com,+917249031658,60,2026-05-18
VEN-100577,Xenon Industrial Supplies Pvt Ltd,Goods Supplier,07OZCZE6722T3Z6,OZCZE6722T,31770477909436,KKBK0RQT6MX,Delhi,Delhi,2022-10-20,Active,Low,accounts@xenonsupplies.in,+916644445194,15,2025-09-10
VEN-100578,Nandi Consulting LLP,Service Provider,27ERZVD3393M3ZM,ERZVD3393M,143559322467,IOBA0VKLGM5,Pune,Maharashtra,2020-05-16,Active,High,info@nandi.com,+916753007464,45,2025-10-19
VEN-100579,Vertex Solutions Pvt Ltd,Service Provider,24UWCMH4933S9ZY,UWCMH4933S,925020665309,ICIC0UZ55GE,Ahmedabad,Gujarat,2021-05-17,Inactive,Low,info@vertex.com,+917283125558,60,
VEN-100580,Goldcrest Solutions Pvt Ltd,Service Provider,36TGWZO4809O6Z0,TGWZO4809O,003361873299,KKBK0AKR6FJ,Hyderabad,Telangana,2024-08-25,Active,Low,info@goldcrest.com,+919996518806,30,2026-01-17
VEN-100581,Bharat Logistics,Logistics Partner,07XHZDP0469R7ZN,XHZDP0469R,30171964434191,BARB008XNAS,Delhi,Delhi,2019-09-22,Active,Low,info@bharat.com,+918635630822,30,2025-03-25
VEN-100582,Maruti Chemicals Pvt Ltd,Raw Material Supplier,19FEVXB7369C8ZF,FEVXB7369C,64175523365153,AXIS05U34IH,Kolkata,West Bengal,2020-07-07,Active,Low,info@maruti.com,+916563524223,30,2025-05-25
VEN-100583,Silverline Enterprises Pvt Ltd,Goods Supplier,27ULJHU5129G1ZL,ULJHU5129G,45212076269940,UTIB0IWTKC6,Mumbai,Maharashtra,2019-02-07,Active,Medium,accounts@silverlinesupplies.in,+919163164823,30,2026-06-09
VEN-100584,Bluepeak Industrial Supplies Pvt Ltd,Goods Supplier,29REHJC4795M2ZJ,REHJC4795M,23558649365761,CNRB0LC80WT,Bengaluru,Karnataka,2019-11-29,Active,Low,accounts@bluepeaksupplies.in,+919622637556,15,2026-04-14
VEN-100585,Wave Constructions Pvt Ltd,Contractor,36WVXIS3597S1ZB,WVXIS3597S,07456660151688,UTIB00BKAYX,Hyderabad,Telangana,2024-06-28,Active,Low,info@wave.com,+919719911205,30,2026-03-21
VEN-100586,Bharat Technologies Pvt Ltd,IT Vendor,36PZVCY3087T3Z6,PZVCY3087T,403544283667507908,AXIS07O0Q48,Hyderabad,Telangana,2018-01-22,Active,Medium,info@bharat.com,+917893631700,45,2026-07-02
VEN-100587,Bluepeak Technologies Pvt Ltd,IT Vendor,27IWHSF0367P4ZO,IWHSF0367P,142374237003387906,IOBA0G8NUT8,Mumbai,Maharashtra,2019-01-16,Active,Medium,info@bluepeak.com,+916123601524,30,2025-06-12
VEN-100588,Uday Facility Services Pvt Ltd,Service Provider,29IGECU2860D8ZK,IGECU2860D,38628031150422,UTIB0FFXI3M,Bengaluru,Karnataka,2020-07-17,Active,Medium,info@uday.com,+917579550427,15,2025-01-04
VEN-100589,Falcon Infra Projects Pvt Ltd,Contractor,09NTWTJ8283X8Z8,NTWTJ8283X,121645511382782957,ICIC0I7GNCI,Noida,Uttar Pradesh,2024-03-15,Active,Medium,info@falcon.com,+919022009935,45,2026-03-06
VEN-100590,Falcon Minerals & Metals Pvt Ltd,Raw Material Supplier,29JUZYB8820B6ZS,JUZYB8820B,122074570229250673,SBIN059Y1QK,Bengaluru,Karnataka,2020-03-09,Blacklisted,High,info@falcon.com,+919210421228,45,2021-05-21
VEN-100591,Aarav Industrial Supplies Pvt Ltd,Goods Supplier,36QAHNC3005O3Z3,QAHNC3005O,70373870345034,AXIS0138CSY,Hyderabad,Telangana,2020-08-02,Active,Low,accounts@aaravsupplies.in,+917704115305,15,2026-02-04
VEN-100592,Falcon Services Pvt Ltd,Service Provider,27VIXUT7911Z2ZU,VIXUT7911Z,434912389130,KKBK00C7LR5,Mumbai,Maharashtra,2023-02-04,Active,Low,info@falcon.com,+919741621630,15,2026-04-27
VEN-100593,Riverside Facility Services Pvt Ltd,Service Provider,36HOZRH3653M1Z8,HOZRH3653M,163958148977,CNRB0V9KSWI,Hyderabad,Telangana,2019-03-15,Active,High,info@riverside.com,+916524074699,30,2025-02-03
VEN-100594,Continental Solutions Pvt Ltd,Service Provider,27HBOSN8893X3ZC,HBOSN8893X,9224495155341819,PUNB0QHX50W,Mumbai,Maharashtra,2019-03-03,Active,Low,info@continental.com,+916052274210,45,2025-04-03
VEN-100595,Bharat Distributors Pvt Ltd,Goods Supplier,24AYWJT6814O9ZT,AYWJT6814O,357399985422,HDFC00LUL97,Ahmedabad,Gujarat,2022-12-29,Active,Medium,accounts@bharatsupplies.in,+919008365325,60,2025-11-13
VEN-100596,Nexora Trading Co,Goods Supplier,27URBFT2443S5ZI,URBFT2443S,8410018787505965,BARB0XA0YE1,Pune,Maharashtra,2022-12-23,Active,Low,accounts@nexorasupplies.in,+918947394193,30,2025-01-09
VEN-100597,Everest Industrial Supplies Pvt Ltd,Goods Supplier,06ODSCD4016K6Z1,ODSCD4016K,6810410400554077,SBIN07WKZM2,Gurugram,Haryana,2018-03-02,Active,Low,accounts@everestsupplies.in,+918074397792,30,2025-02-17
VEN-100598,Nandi Minerals & Metals Pvt Ltd,Raw Material Supplier,09ZKFQJ9102L8ZD,ZKFQJ9102L,4125444197714939,CNRB0EFTXXS,Noida,Uttar Pradesh,2023-09-24,Active,Low,info@nandi.com,+919845587240,30,2025-03-03
VEN-100599,Ravi Contractors & Builders,Contractor,27ZCNNM3128Z4ZJ,ZCNNM3128Z,347311074273,AXIS09S0EOS,Mumbai,Maharashtra,2018-06-30,Active,Low,info@ravi.com,+919750128433,45,2025-10-22
VEN-100600,Bluepeak Solutions Pvt Ltd,Service Provider,19NHUNZ4808D1ZB,NHUNZ4808D,183628181437,CNRB0FT85PN,Kolkata,West Bengal,2018-04-19,Blacklisted,High,info@bluepeak.com,+916925556908,30,2018-06-12
VEN-100601,Yamuna Industrial Supplies Pvt Ltd,Goods Supplier,07TMCVT5078Y7Z9,TMCVT5078Y,6670506868330124,PUNB0C54H5J,Delhi,Delhi,2025-06-27,Active,Low,accounts@yamunasupplies.in,+917750214455,60,2026-02-22
VEN-100602,Deepak Minerals & Metals Pvt Ltd,Raw Material Supplier,09RWPZG4113H1ZS,RWPZG4113H,519120757490128172,KKBK0Y5TE1Z,Noida,Uttar Pradesh,2022-04-13,Active,Low,info@deepak.com,+919260863462,60,2026-01-09
VEN-100603,Deepak Contractors & Builders,Contractor,29TVXVK0923U9ZG,TVXVK0923U,22715215200314,ICIC0TB85D2,Bengaluru,Karnataka,2020-01-17,Active,Low,info@deepak.com,+919647286330,30,2025-01-18
VEN-100604,Lakshmi InfoTech Pvt Ltd,IT Vendor,29TENVU8145K2Z8,TENVU8145K,993023553239,HDFC0RTG8D5,Bengaluru,Karnataka,2025-06-10,Active,Medium,info@lakshmi.com,+918744134028,30,2025-12-12
VEN-100605,Kaveri Facility Services Pvt Ltd,Service Provider,36QFRBC3957O5Z4,QFRBC3957O,5341053735981530,KKBK0F4GWO5,Hyderabad,Telangana,2024-02-27,Suspended,Medium,info@kaveri.com,+919463184540,15,2025-01-31
VEN-100606,Silverline InfoTech Pvt Ltd,IT Vendor,36GBIJG0769T3ZU,GBIJG0769T,57938420163475,UTIB0HC9F2P,Hyderabad,Telangana,2022-08-30,Active,Low,info@silverline.com,+917487171716,30,2025-04-19
VEN-100607,Xenon Softwares Pvt Ltd,IT Vendor,27MPZCE7183J5ZZ,MPZCE7183J,523989058187997098,SBIN0O9T2JV,Pune,Maharashtra,2022-12-15,Inactive,Low,info@xenon.com,+917809478692,30,
VEN-100608,Falcon Softwares Pvt Ltd,IT Vendor,09JFCVE2499A9ZE,JFCVE2499A,773086693626,SBIN0G5R6V5,Noida,Uttar Pradesh,2022-08-11,Active,Low,info@falcon.com,+916278087468,30,2025-06-20
VEN-100609,Nandi Infra Projects Pvt Ltd,Contractor,06PGTPA7553A7ZV,PGTPA7553A,7800071985179798,PUNB0MAJWL6,Gurugram,Haryana,2019-01-30,Active,Low,info@nandi.com,+917201363806,60,2025-12-12
VEN-100610,Southbridge Industrial Supplies Pvt Ltd,Goods Supplier,07KNOOS2171F5ZF,KNOOS2171F,951805792192215435,AXIS0WMMY48,Delhi,Delhi,2019-02-10,Active,Low,accounts@southbridgesupplies.in,+918200172024,45,2025-04-11
VEN-100611,Falcon Builders LLP,Contractor,33SCJSD4941Q7ZG,SCJSD4941Q,197844705175282170,PUNB0UCB9P5,Chennai,Tamil Nadu,2018-08-04,Active,Low,info@falcon.com,+916549414937,15,2025-06-07
VEN-100612,Bluepeak Minerals & Metals Pvt Ltd,Raw Material Supplier,27GUIYU5793R8ZV,GUIYU5793R,468122155336,HDFC05GJAF2,Pune,Maharashtra,2021-07-27,Active,Medium,info@bluepeak.com,+917859347170,45,2026-02-12
VEN-100613,Northgate Solutions Pvt Ltd,Service Provider,29YWQIJ7351L1Z6,YWQIJ7351L,37947945178609,SBIN089AKLS,Bengaluru,Karnataka,2021-09-03,Active,Low,info@northgate.com,+919040988054,30,2026-05-04
VEN-100614,Riverside Technologies Pvt Ltd,IT Vendor,27GBTCF3261J8Z5,GBTCF3261J,928640546321,KKBK0T1ZVE7,Mumbai,Maharashtra,2019-12-26,Active,Low,info@riverside.com,+917414441219,15,2026-02-25
VEN-100615,Riverside Enterprises Pvt Ltd,Goods Supplier,07CLDFC3829G8ZB,CLDFC3829G,485449082226024033,CNRB0J03UMK,Delhi,Delhi,2021-11-29,Active,Medium,accounts@riversidesupplies.in,+918542271243,30,2026-02-03
VEN-100616,Wave Contractors & Builders,Contractor,07WUJFV1506F4ZX,WUJFV1506F,726903538491323507,BARB0SH2O1H,Delhi,Delhi,2020-04-20,Active,Low,info@wave.com,+919592207078,90,2025-12-26
VEN-100617,Kaveri Transport Pvt Ltd,Logistics Partner,24DWTKY9732W2ZX,DWTKY9732W,8759146517304850,PUNB0DRFC1P,Ahmedabad,Gujarat,2020-05-20,Active,Low,info@kaveri.com,+916366047819,30,2025-07-07
VEN-100618,Yamuna Consulting LLP,Service Provider,19PULQL2768B7ZU,PULQL2768B,52615687908768,IOBA0K54G9U,Kolkata,West Bengal,2021-12-04,Active,Low,info@yamuna.com,+919644287419,45,2025-01-16
VEN-100619,Unity Solutions Pvt Ltd,Service Provider,19NQRON1117Y4ZE,NQRON1117Y,079583242075669079,IOBA0ONO4CK,Kolkata,West Bengal,2025-07-09,Active,Low,info@unity.com,+917035139592,45,2026-03-28
VEN-100620,Lakshmi Systems Pvt Ltd,IT Vendor,24SUSVB7148A7ZO,SUSVB7148A,6636579038857185,AXIS00XR41L,Ahmedabad,Gujarat,2021-07-15,Active,Low,info@lakshmi.com,+916255589011,30,2026-03-01
VEN-100621,Riverside Infra Projects Pvt Ltd,Contractor,24VIYRA1553S3ZT,VIYRA1553S,0409678317415582,ICIC0GMSZFO,Ahmedabad,Gujarat,2024-07-28,Active,Low,info@riverside.com,+919612968800,60,2025-05-27
VEN-100622,Northgate Enterprises Pvt Ltd,Goods Supplier,07PPYEF3052O7Z3,PPYEF3052O,66417238833272,ICIC0PTSSA0,Delhi,Delhi,2020-03-30,Inactive,Low,accounts@northgatesupplies.in,+917185923941,30,
VEN-100623,Sagar Facility Services Pvt Ltd,Service Provider,24PQNHB3389V3Z8,PQNHB3389V,915195133995,KKBK06WDZWY,Ahmedabad,Gujarat,2018-11-13,Active,Low,info@sagar.com,+917277835741,15,2026-03-21
VEN-100624,Bharat Trading Co,Goods Supplier,07ENWGP2367Y2Z9,ENWGP2367Y,40820969167077,PUNB0UVQK74,Delhi,Delhi,2022-07-21,Active,Low,accounts@bharatsupplies.in,+919155683179,30,2025-01-12
VEN-100625,Riverside Solutions Pvt Ltd,Service Provider,27EIGOM4686I9ZP,EIGOM4686I,95979909358062,HDFC0GE3IKZ,Mumbai,Maharashtra,2022-04-15,Active,Low,info@riverside.com,+918802941120,30,2025-11-20
VEN-100626,Aarav Logistics,Logistics Partner,27MFEMZ0477F1Z9,MFEMZ0477F,8757551417883826,IOBA0H0QJVR,Mumbai,Maharashtra,2018-05-15,Inactive,Medium,info@aarav.com,+919407040957,30,
VEN-100627,Northgate Trading Co,Goods Supplier,24PCJFG6075L6ZY,PCJFG6075L,783827662690,UTIB0T0ALWS,Ahmedabad,Gujarat,2024-10-15,Inactive,Low,accounts@northgatesupplies.in,+918992971056,45,
VEN-100628,Om Sai Trading Co,Goods Supplier,33XOKYQ6045E7ZK,XOKYQ6045E,63936722271019,IOBA090WWRU,Chennai,Tamil Nadu,2020-11-01,Active,Low,accounts@omsaisupplies.in,+919901975657,45,2025-10-16
VEN-100629,Sundaram Logistics,Logistics Partner,07WDKCI2301M4ZB,WDKCI2301M,160976102964,IOBA0DAHPSV,Delhi,Delhi,2021-10-22,Active,Medium,info@sundaram.com,+917072785754,60,2026-02-01
VEN-100630,Crystal Materials Pvt Ltd,Raw Material Supplier,07ITJAG0705A3ZN,ITJAG0705A,890950902328315664,HDFC0ML0714,Delhi,Delhi,2022-07-08,Active,Low,info@crystal.com,+917302129756,30,2025-04-25
VEN-100631,Falcon Builders LLP,Contractor,27QNBWM9996I5Z8,QNBWM9996I,379223510575,AXIS0MJAUAB,Mumbai,Maharashtra,2023-11-18,Inactive,Low,info@falcon.com,+918144340948,60,
VEN-100632,Wave Services Pvt Ltd,Service Provider,29WEKXA1705A2ZN,WEKXA1705A,60279483055313,PUNB08BF9PY,Bengaluru,Karnataka,2025-01-18,Active,Low,info@wave.com,+918694071906,45,2026-07-16
VEN-100633,Nandi Facility Services Pvt Ltd,Service Provider,36LKDGW7465M9Z0,LKDGW7465M,6012744752065164,PUNB07U5PP7,Hyderabad,Telangana,2019-03-07,Active,Medium,info@nandi.com,+918215121389,30,2025-07-11
VEN-100634,Wave Distributors Pvt Ltd,Goods Supplier,09QSFNI1160D5Z0,QSFNI1160D,417121940516,UTIB0BB3UO4,Noida,Uttar Pradesh,2020-06-25,Active,Low,accounts@wavesupplies.in,+916291087921,60,2026-03-19
VEN-100635,Deepak Minerals & Metals Pvt Ltd,Raw Material Supplier,33MFYKS6039X8Z1,MFYKS6039X,050306153608672082,KKBK0HRIFFD,Chennai,Tamil Nadu,2025-05-30,Inactive,Low,info@deepak.com,+916248638849,30,
VEN-100636,Metrocorp Distributors Pvt Ltd,Goods Supplier,07PQFNF5767R5Z4,PQFNF5767R,5745633858287421,PUNB0Z9D45J,Delhi,Delhi,2025-12-28,Active,Low,accounts@metrocorpsupplies.in,+916329206147,90,2026-02-07
VEN-100637,Ganges Enterprises Pvt Ltd,Goods Supplier,09HVYEK4548Y9ZX,HVYEK4548Y,91466069230691,IOBA0KDBQKJ,Noida,Uttar Pradesh,2024-07-09,Active,Medium,accounts@gangessupplies.in,+918566571620,45,2026-04-01
VEN-100638,Trident Industrial Supplies Pvt Ltd,Goods Supplier,27OODCK0433O9ZQ,OODCK0433O,3653378391420345,KKBK0TUA22D,Mumbai,Maharashtra,2018-08-07,Active,Medium,accounts@tridentsupplies.in,+918275421825,15,2026-03-13
VEN-100639,Indus Enterprises Pvt Ltd,Goods Supplier,24WSLYK0682G9ZQ,WSLYK0682G,173065068726,HDFC0LF2LLV,Ahmedabad,Gujarat,2025-09-24,Active,Low,accounts@indussupplies.in,+917513652943,60,2026-06-02
VEN-100640,Bluepeak Industrial Supplies Pvt Ltd,Goods Supplier,36MQFGA3870V7Z0,MQFGA3870V,72188893591568,UTIB06B13QN,Hyderabad,Telangana,2020-12-26,Active,Low,accounts@bluepeaksupplies.in,+918913542951,30,2026-06-19
VEN-100641,Crystal Softwares Pvt Ltd,IT Vendor,19NKNYC4271N1ZN,NKNYC4271N,771449284631566639,CNRB0XS3J5S,Kolkata,West Bengal,2025-01-10,Inactive,Low,info@crystal.com,+919650411724,30,
VEN-100642,Deepak Constructions Pvt Ltd,Contractor,07ROAVT4887U8Z3,ROAVT4887U,8957074325985604,PUNB0G2KBLK,Delhi,Delhi,2020-11-10,Blacklisted,High,info@deepak.com,+919182254589,45,2023-02-04
VEN-100643,Jaya Distributors Pvt Ltd,Goods Supplier,27EYUPQ3085E9ZX,EYUPQ3085E,870780804785805275,SBIN0DL89PN,Pune,Maharashtra,2024-09-14,Active,Low,accounts@jayasupplies.in,+916234354572,90,2025-12-13
VEN-100644,Wave Services Pvt Ltd,Service Provider,24LTTVR8136V6ZS,LTTVR8136V,365667572035,PUNB0322VYN,Ahmedabad,Gujarat,2023-11-09,Inactive,High,info@wave.com,+918815437876,60,
VEN-100645,Wave Facility Services Pvt Ltd,Service Provider,36WDQHU2424P5Z1,WDQHU2424P,84898021324683,UTIB0DP5WON,Hyderabad,Telangana,2020-11-08,Active,Low,info@wave.com,+917718337318,30,2025-11-04
VEN-100646,Ravi Industrial Supplies Pvt Ltd,Goods Supplier,36QGGLK9927P5ZO,QGGLK9927P,73632062991000,SBIN0W2NEJN,Hyderabad,Telangana,2023-07-22,Active,Medium,accounts@ravisupplies.in,+918638725682,60,2025-05-12
VEN-100647,Crystal Builders LLP,Contractor,07QGFYV4839A7ZB,QGFYV4839A,513453440133,PUNB0ATX4U4,Delhi,Delhi,2019-03-27,Active,Low,info@crystal.com,+916097958460,30,2026-04-09
VEN-100648,Orion Constructions Pvt Ltd,Contractor,27HKHAE2803M6ZR,HKHAE2803M,1881341257393635,SBIN0NHFU93,Pune,Maharashtra,2018-02-23,Active,Medium,info@orion.com,+918018379872,30,2025-09-19
VEN-100649,Trident Transport Pvt Ltd,Logistics Partner,27NNOHT9092X2ZN,NNOHT9092X,281027455308003244,ICIC0I1JD13,Mumbai,Maharashtra,2020-09-10,Suspended,Low,info@trident.com,+917539245118,30,2026-07-16
VEN-100650,Xenon Industrial Supplies Pvt Ltd,Goods Supplier,27RQIHI4066A3ZR,RQIHI4066A,28091700109436,AXIS0W0BT6Q,Mumbai,Maharashtra,2022-06-03,Active,Low,accounts@xenonsupplies.in,+919032750948,30,2026-06-16
VEN-100651,Crystal Trading Co,Goods Supplier,07AIWPE1310V1Z4,AIWPE1310V,723212113971,BARB09TEA4A,Delhi,Delhi,2019-09-04,Active,Low,accounts@crystalsupplies.in,+919402542775,30,2026-03-24
VEN-100652,Skyline InfoTech Pvt Ltd,IT Vendor,27WGROQ1424Y2ZL,WGROQ1424Y,99485048932609,KKBK0A9SD8U,Pune,Maharashtra,2018-11-23,Active,Low,info@skyline.com,+918937635664,60,2025-12-14
VEN-100653,Deepak Softwares Pvt Ltd,IT Vendor,07XTKYD1414U7ZC,XTKYD1414U,32643725417155,PUNB0MRRS23,Delhi,Delhi,2025-10-21,Active,Low,info@deepak.com,+917602421067,60,2025-12-08
VEN-100654,Continental Distributors Pvt Ltd,Goods Supplier,24YXAXK2211J7ZC,YXAXK2211J,7416879637349111,BARB0ULW0EK,Ahmedabad,Gujarat,2021-09-23,Active,Low,accounts@continentalsupplies.in,+917673246464,15,2025-08-18
VEN-100655,Indus Industrial Supplies Pvt Ltd,Goods Supplier,27YCJUA4752S1Z5,YCJUA4752S,22246862651057,IOBA0322FL1,Mumbai,Maharashtra,2023-07-06,Active,Low,accounts@indussupplies.in,+918576008698,30,2026-06-27
VEN-100656,Uday Builders LLP,Contractor,09KOAZW6219Y4ZG,KOAZW6219Y,3210300490890930,UTIB03P3H74,Noida,Uttar Pradesh,2024-09-25,Inactive,Medium,info@uday.com,+917348195621,60,
VEN-100657,Orion Constructions Pvt Ltd,Contractor,09YBYFL8338G2ZF,YBYFL8338G,063963791612,HDFC028X71L,Noida,Uttar Pradesh,2021-09-17,Active,Low,info@orion.com,+918839167806,30,2025-03-08
VEN-100658,Xenon Freight Services,Logistics Partner,33XJKHO9203S6ZR,XJKHO9203S,364372194743164030,HDFC0N2UN9U,Chennai,Tamil Nadu,2022-08-04,Active,Low,info@xenon.com,+919827571099,30,2026-07-09
VEN-100659,Southbridge Infra Projects Pvt Ltd,Contractor,06UCDDM1513Z3Z8,UCDDM1513Z,11110231195200,CNRB09L4DSP,Gurugram,Haryana,2024-12-11,Active,Medium,info@southbridge.com,+918199916590,15,2025-10-24
VEN-100660,Northgate Enterprises Pvt Ltd,Goods Supplier,06OBTNA9008D5ZL,OBTNA9008D,36817706257281,HDFC06NOX8D,Gurugram,Haryana,2025-10-16,Blacklisted,High,accounts@northgatesupplies.in,+916625760869,30,2025-05-02
VEN-100661,Trident Technologies Pvt Ltd,IT Vendor,29IIIMJ5607F1ZQ,IIIMJ5607F,502858437342424031,KKBK038N2LJ,Bengaluru,Karnataka,2019-03-27,Active,Low,info@trident.com,+917436682374,15,2025-11-27
VEN-100662,Shreeji Softwares Pvt Ltd,IT Vendor,27GDGFN7241D6ZL,GDGFN7241D,93153299385311,UTIB02Z7NMC,Pune,Maharashtra,2020-01-05,Active,Low,info@shreeji.com,+916358522914,30,2025-04-03
VEN-100663,Aarav Facility Services Pvt Ltd,Service Provider,29EDDHK5793H3ZP,EDDHK5793H,649021302855378014,BARB01KN7MH,Bengaluru,Karnataka,2021-05-21,Active,Low,info@aarav.com,+916153018372,30,2026-06-11
VEN-100664,Quantum Softwares Pvt Ltd,IT Vendor,27LZVDA7382X4Z5,LZVDA7382X,649503278471271699,UTIB0ZFFF26,Mumbai,Maharashtra,2022-04-05,Active,Low,info@quantum.com,+917586406761,30,2025-04-27
VEN-100665,Skyline Facility Services Pvt Ltd,Service Provider,27QMLID1455C3ZO,QMLID1455C,6324086109287275,SBIN0VP25FL,Mumbai,Maharashtra,2022-10-10,Active,Low,info@skyline.com,+917975245843,30,2025-12-16
VEN-100666,Silverline Cargo Movers Pvt Ltd,Logistics Partner,27CHWVU1424Z4ZN,CHWVU1424Z,849339948637,BARB0GEJIL5,Mumbai,Maharashtra,2022-07-01,Active,Low,info@silverline.com,+916041041535,30,2025-04-23
VEN-100667,Southbridge Industrial Supplies Pvt Ltd,Goods Supplier,24TTWSE9776S4ZG,TTWSE9776S,8053869172458967,HDFC0ACHKU4,Ahmedabad,Gujarat,2020-11-30,Active,Low,accounts@southbridgesupplies.in,+919026125899,60,2025-07-17
VEN-100668,Deepak Services Pvt Ltd,Service Provider,09SHBXM7434H3ZX,SHBXM7434H,219880908629187829,PUNB0FGK0S5,Noida,Uttar Pradesh,2025-04-10,Active,Low,info@deepak.com,+916638629885,30,2025-10-16
VEN-100669,Lakshmi Logistics,Logistics Partner,27EGJWX9389A2Z6,EGJWX9389A,2138786509757726,HDFC0A92EWC,Mumbai,Maharashtra,2022-09-04,Active,Low,info@lakshmi.com,+916264430061,30,2025-11-22
VEN-100670,Wave Services Pvt Ltd,Service Provider,33VOAZP1491T9ZZ,VOAZP1491T,41039479154845,CNRB077EH1B,Chennai,Tamil Nadu,2021-01-03,Active,Low,info@wave.com,+918603375299,45,2026-06-06
VEN-100671,Everest Distributors Pvt Ltd,Goods Supplier,29DMUMO0389N9ZV,DMUMO0389N,08215294435823,AXIS0TP54IX,Bengaluru,Karnataka,2019-05-04,Active,Low,accounts@everestsupplies.in,+917909917048,45,2025-06-20
VEN-100672,Yamuna Materials Pvt Ltd,Raw Material Supplier,33TTDTH3645M4Z0,TTDTH3645M,091018122260,UTIB0UOGGRU,Chennai,Tamil Nadu,2025-05-24,Inactive,Low,info@yamuna.com,+919136337406,45,
VEN-100673,Maruti Enterprises Pvt Ltd,Goods Supplier,27PJEVH1663Y8ZC,PJEVH1663Y,10029743264737,BARB04WBQ32,Mumbai,Maharashtra,2023-11-07,Active,Low,accounts@marutisupplies.in,+916135224345,15,2025-08-14
VEN-100674,Bluepeak Solutions Pvt Ltd,Service Provider,29XPCOM0228Q7ZO,XPCOM0228Q,6218094164153528,SBIN0ZH40TO,Bengaluru,Karnataka,2023-10-17,Active,Low,info@bluepeak.com,+916063000728,30,2025-04-28
VEN-100675,Riverside Solutions Pvt Ltd,Service Provider,19WSFGX8937G1Z5,WSFGX8937G,000850410985,HDFC06NYCY2,Kolkata,West Bengal,2021-05-14,Active,Low,info@riverside.com,+916629764073,45,2025-01-26
VEN-100676,Sundaram Solutions Pvt Ltd,Service Provider,06RLBWW5789Y8Z0,RLBWW5789Y,9298096967064245,SBIN03L4BOL,Gurugram,Haryana,2020-04-15,Active,Low,info@sundaram.com,+916718460438,45,2026-07-10
VEN-100677,Himalaya InfoTech Pvt Ltd,IT Vendor,09LNRJC6871M3ZA,LNRJC6871M,44560616038156,CNRB0Y0ALTK,Noida,Uttar Pradesh,2019-10-25,Active,Low,info@himalaya.com,+919136425159,45,2025-11-21
VEN-100678,Vertex Enterprises Pvt Ltd,Goods Supplier,27LXUIO1085L7ZM,LXUIO1085L,546834067062,BARB0P6YKWC,Mumbai,Maharashtra,2018-04-12,Active,Low,accounts@vertexsupplies.in,+917501830636,30,2025-06-25
VEN-100679,Nexora Builders LLP,Contractor,27PDEFE6860F1Z0,PDEFE6860F,601213717534769638,ICIC0TRAYYD,Pune,Maharashtra,2022-05-11,Inactive,Low,info@nexora.com,+919542623272,45,2023-11-11
VEN-100680,Uday Infra Projects Pvt Ltd,Contractor,09NRWNU5869U9ZR,NRWNU5869U,88298520643499,IOBA08RNRL7,Noida,Uttar Pradesh,2024-05-30,Active,Medium,info@uday.com,+919968007373,60,2025-06-29
VEN-100681,Trident Facility Services Pvt Ltd,Service Provider,07VBFEZ6104H8Z9,VBFEZ6104H,2736629015336662,AXIS006KBCV,Delhi,Delhi,2020-08-08,Active,Medium,info@trident.com,+917876830791,30,2025-12-28
VEN-100682,Lakshmi Constructions Pvt Ltd,Contractor,29ELGOV3161B9ZN,ELGOV3161B,217329279786530693,AXIS0BOOPXF,Bengaluru,Karnataka,2021-01-18,Inactive,Low,info@lakshmi.com,+917220886834,60,2021-12-25
VEN-100683,Kaveri Technologies Pvt Ltd,IT Vendor,07LNNNU4159N4Z5,LNNNU4159N,272630793036518974,PUNB0O36RA8,Delhi,Delhi,2025-12-22,Suspended,Medium,info@kaveri.com,+918802116220,45,2026-05-12
VEN-100684,Jaya Industrial Supplies Pvt Ltd,Goods Supplier,07DJJJE6135X5ZG,DJJJE6135X,85762839006194,ICIC0O305LY,Delhi,Delhi,2023-09-17,Active,Medium,accounts@jayasupplies.in,+918892114600,45,2025-08-23
VEN-100685,Deepak Systems Pvt Ltd,IT Vendor,27OKXUL6447L3ZW,OKXUL6447L,442878080208116755,CNRB0MVQBC1,Mumbai,Maharashtra,2020-10-27,Active,Medium,info@deepak.com,+916272672466,30,2025-03-12
VEN-100686,Deepak Solutions Pvt Ltd,Service Provider,19OCBGO1107D4ZF,OCBGO1107D,3131055320517865,KKBK08U8KO3,Kolkata,West Bengal,2025-09-07,Blacklisted,High,info@deepak.com,+916457641030,45,2025-01-25
VEN-100687,Yamuna Technologies Pvt Ltd,IT Vendor,33LGJUU6831O1ZX,LGJUU6831O,0177673236133864,UTIB02FQTOO,Chennai,Tamil Nadu,2022-03-17,Active,Low,info@yamuna.com,+918414894203,30,2025-04-11
VEN-100688,Silverline Distributors Pvt Ltd,Goods Supplier,19VBSFR7969J5ZP,VBSFR7969J,147091840261151354,KKBK0909BJK,Kolkata,West Bengal,2020-09-16,Inactive,Low,accounts@silverlinesupplies.in,+917022692760,30,2024-11-23
VEN-100689,Apex Raw Materials Ltd,Raw Material Supplier,27EYJPH0239E2Z5,EYJPH0239E,152110167968465785,IOBA0THAMM2,Pune,Maharashtra,2022-11-14,Active,Low,info@apex.com,+916287937551,15,2025-01-10
VEN-100690,Zenith Solutions Pvt Ltd,Service Provider,27RYSKG9205L6ZS,RYSKG9205L,77156295082876,BARB01JYP47,Pune,Maharashtra,2025-10-20,Active,High,info@zenith.com,+918161386418,30,2026-07-16
VEN-100691,Unity Services Pvt Ltd,Service Provider,19BRVGR6737Q4ZL,BRVGR6737Q,982557142761978180,BARB0P6KVMU,Kolkata,West Bengal,2024-06-04,Inactive,Medium,info@unity.com,+917917118152,45,
VEN-100692,Himalaya Enterprises Pvt Ltd,Goods Supplier,29CKUPA7436K1ZR,CKUPA7436K,3751275761147167,ICIC0FI27YG,Bengaluru,Karnataka,2025-07-16,Active,Low,accounts@himalayasupplies.in,+916422093667,15,2025-09-02
VEN-100693,Silverline Constructions Pvt Ltd,Contractor,24BRGTL3080Z5ZI,BRGTL3080Z,1758190628363479,ICIC0OINZE9,Ahmedabad,Gujarat,2021-03-25,Active,Low,info@silverline.com,+918157843818,90,2025-02-27
VEN-100694,Falcon Facility Services Pvt Ltd,Service Provider,24RVBQI3275F1ZB,RVBQI3275F,47469575250286,CNRB0S6OUSS,Ahmedabad,Gujarat,2019-07-29,Active,Medium,info@falcon.com,+918041721865,30,2025-09-01
VEN-100695,Yamuna Enterprises Pvt Ltd,Goods Supplier,27YNLPT5732J4ZZ,YNLPT5732J,36130238539869,BARB0ZLVXUV,Mumbai,Maharashtra,2020-05-24,Active,Low,accounts@yamunasupplies.in,+919226843215,30,2025-02-08
VEN-100696,Unity Softwares Pvt Ltd,IT Vendor,07OYFHH7665N7ZS,OYFHH7665N,4417808850240077,IOBA0SYXGCH,Delhi,Delhi,2020-06-04,Active,Low,info@unity.com,+918074004257,30,2025-10-18
VEN-100697,Ravi Builders LLP,Contractor,36IWZHT0348S4ZV,IWZHT0348S,3179974475881983,PUNB0JVZF6D,Hyderabad,Telangana,2025-11-19,Blacklisted,Medium,info@ravi.com,+919726574503,30,2025-06-28
VEN-100698,Sundaram Industrial Supplies Pvt Ltd,Goods Supplier,19WDOJI9627U9ZN,WDOJI9627U,99433483401426,PUNB0M9ILQP,Kolkata,West Bengal,2021-01-05,Active,High,accounts@sundaramsupplies.in,+917244489421,30,2025-10-14
VEN-100699,Xenon Transport Pvt Ltd,Logistics Partner,09EKDGK5659R8ZV,EKDGK5659R,7986669871317788,PUNB0HGKA95,Noida,Uttar Pradesh,2025-09-10,Active,Low,info@xenon.com,+918532077626,30,2025-09-26
VEN-100700,Om Sai Infra Projects Pvt Ltd,Contractor,19UJJNG2229Z6ZR,UJJNG2229Z,2998149696092097,ICIC028BZNT,Kolkata,West Bengal,2021-05-13,Active,Low,info@omsai.com,+919890185749,30,2025-03-20
VEN-100701,Nandi Facility Services Pvt Ltd,Service Provider,33YNTKM0774V7ZZ,YNTKM0774V,70314950607760,SBIN0K6FA0A,Chennai,Tamil Nadu,2019-05-11,Active,Low,info@nandi.com,+917000853338,30,2025-04-03
VEN-100702,Bluepeak Enterprises Pvt Ltd,Goods Supplier,07LWVAI2197V3ZE,LWVAI2197V,689576849840023511,CNRB0D9YFBT,Delhi,Delhi,2021-06-27,Inactive,Medium,accounts@bluepeaksupplies.in,+918664636685,60,2021-11-29
VEN-100703,Starlite Transport Pvt Ltd,Logistics Partner,29UVZCL7159D4ZJ,UVZCL7159D,570015881168,IOBA0W3LDGU,Bengaluru,Karnataka,2023-04-17,Inactive,Low,info@starlite.com,+916151929241,30,2024-04-15
VEN-100704,Kalpana Services Pvt Ltd,Service Provider,29BBHAL0786X7ZN,BBHAL0786X,6347728381595046,BARB095FOXX,Bengaluru,Karnataka,2023-02-16,Active,Low,info@kalpana.com,+919936088876,30,2025-09-14
VEN-100705,Bharat Distributors Pvt Ltd,Goods Supplier,36KNDRQ4946M7Z9,KNDRQ4946M,564777051769,AXIS0HRJGP5,Hyderabad,Telangana,2021-08-14,Active,Medium,accounts@bharatsupplies.in,+918567214160,30,2025-02-15
VEN-100706,Bluepeak Services Pvt Ltd,Service Provider,27DQNAJ2078I1ZQ,DQNAJ2078I,8829399052057549,IOBA073EMCS,Pune,Maharashtra,2021-02-18,Active,Low,info@bluepeak.com,+919734996226,30,2025-05-12
VEN-100707,Crystal Logistics,Logistics Partner,09ZUWOA2827C1ZD,ZUWOA2827C,217295932172,ICIC0LR9TQY,Noida,Uttar Pradesh,2020-06-21,Active,Low,info@crystal.com,+918894205717,30,2025-09-19
VEN-100708,Silverline Transport Pvt Ltd,Logistics Partner,24NUVIR1836V9ZB,NUVIR1836V,51507513085476,KKBK0HEH0YA,Ahmedabad,Gujarat,2024-03-24,Active,Low,info@silverline.com,+918584126048,45,2025-12-04
VEN-100709,Everest Builders LLP,Contractor,07SZCRS2569F7ZS,SZCRS2569F,7867643247036314,CNRB0L8QW1Y,Delhi,Delhi,2020-10-29,Active,Low,info@everest.com,+916310734612,30,2025-10-15
VEN-100710,Himalaya Softwares Pvt Ltd,IT Vendor,19PMKBQ7469Z9Z2,PMKBQ7469Z,0295088427547132,KKBK0VCLW1W,Kolkata,West Bengal,2019-07-02,Inactive,Medium,info@himalaya.com,+919611673676,30,
VEN-100711,Silverline Enterprises Pvt Ltd,Goods Supplier,29TYDNT1083K4ZZ,TYDNT1083K,86485011293452,KKBK00KR0HC,Bengaluru,Karnataka,2021-02-26,Active,Medium,accounts@silverlinesupplies.in,+916430562761,30,2025-04-13
VEN-100712,Lakshmi Solutions Pvt Ltd,Service Provider,33RGUIO2437S1ZU,RGUIO2437S,336676394443,KKBK0S650KR,Chennai,Tamil Nadu,2023-04-21,Active,Medium,info@lakshmi.com,+917212549619,45,2026-04-19
VEN-100713,Indus Consulting LLP,Service Provider,36GRVRS4194Q6ZP,GRVRS4194Q,1367405832618593,HDFC0UOKYCQ,Hyderabad,Telangana,2020-09-26,Active,Low,info@indus.com,+919418596111,30,2025-11-06
VEN-100714,Nandi Services Pvt Ltd,Service Provider,33GUZLS2964Z4ZI,GUZLS2964Z,575952937041,KKBK032CON1,Chennai,Tamil Nadu,2022-03-16,Active,Low,info@nandi.com,+918544593637,30,2026-01-09
VEN-100715,Jaya Builders LLP,Contractor,33RJFLZ3635N1ZV,RJFLZ3635N,415202887601,BARB0GU5MZ8,Chennai,Tamil Nadu,2021-10-09,Inactive,Low,info@jaya.com,+919480650788,30,
VEN-100716,Indus Consulting LLP,Service Provider,19LJVKA1819N4ZU,LJVKA1819N,7715739186971263,SBIN0S23HNK,Kolkata,West Bengal,2024-11-13,Active,Medium,info@indus.com,+919974263323,60,2025-10-14
VEN-100717,Vertex Industrial Supplies Pvt Ltd,Goods Supplier,33URRTS0345A6Z9,URRTS0345A,286154943072,UTIB0X9O5Y9,Chennai,Tamil Nadu,2019-02-11,Active,Low,accounts@vertexsupplies.in,+916814590047,15,2026-04-25
VEN-100718,Om Sai Logistics,Logistics Partner,06RMCOU3734U8Z4,RMCOU3734U,101255561350863234,BARB0FAL21P,Gurugram,Haryana,2019-04-18,Active,Low,info@omsai.com,+918759776218,90,2026-04-07
VEN-100719,Bharat Contractors & Builders,Contractor,19JOEZD3941K4Z4,JOEZD3941K,63189401477553,IOBA0I5UL7Z,Kolkata,West Bengal,2022-03-29,Active,Low,info@bharat.com,+916032884325,60,2025-12-20
VEN-100720,Everest Industrial Supplies Pvt Ltd,Goods Supplier,29XTDOE5395P1ZE,XTDOE5395P,8844486135983196,HDFC0BY9TRM,Bengaluru,Karnataka,2019-03-04,Active,Low,accounts@everestsupplies.in,+918157446802,30,2026-04-11
VEN-100721,Northgate Constructions Pvt Ltd,Contractor,24QMGFE5487K8ZG,QMGFE5487K,1058857972103032,UTIB01LUWCK,Ahmedabad,Gujarat,2025-09-04,Active,Low,info@northgate.com,+916095383633,30,2026-06-20
VEN-100722,Deepak Systems Pvt Ltd,IT Vendor,29OHIYR7562V7ZX,OHIYR7562V,7047718680597468,UTIB0WFD1NK,Bengaluru,Karnataka,2025-04-12,Active,Low,info@deepak.com,+919588907042,30,2025-06-17
VEN-100723,Uday Constructions Pvt Ltd,Contractor,07UKZQE2267B3ZD,UKZQE2267B,23788893922933,SBIN06FVB5A,Delhi,Delhi,2019-12-05,Active,Low,info@uday.com,+916039285249,30,2025-04-30
VEN-100724,Skyline Raw Materials Ltd,Raw Material Supplier,07JZXNA2473E6ZL,JZXNA2473E,489564360791,PUNB0VX1WMP,Delhi,Delhi,2020-04-01,Suspended,High,info@skyline.com,+917545495270,60,2025-11-14
VEN-100725,Uday Constructions Pvt Ltd,Contractor,36CXPIC0115A8Z0,CXPIC0115A,371430911770,UTIB0CD9EJM,Hyderabad,Telangana,2021-11-26,Active,Medium,info@uday.com,+918414600165,30,2025-06-24
VEN-100726,Indus InfoTech Pvt Ltd,IT Vendor,27NTHOY1095P3ZF,NTHOY1095P,37000245240755,ICIC0MG313F,Mumbai,Maharashtra,2022-10-01,Suspended,High,info@indus.com,+916635081732,60,2026-04-06
VEN-100727,Lakshmi Systems Pvt Ltd,IT Vendor,19PNPCN9998C7ZD,PNPCN9998C,069948461731542433,ICIC0IJO6NY,Kolkata,West Bengal,2025-08-20,Active,Low,info@lakshmi.com,+919741726188,45,2026-04-13
VEN-100728,Everest Facility Services Pvt Ltd,Service Provider,29CXTWF5601S1ZE,CXTWF5601S,9661489675006441,SBIN0EPYT49,Bengaluru,Karnataka,2018-03-09,Active,Medium,info@everest.com,+917077289961,30,2025-04-27
VEN-100729,Falcon Systems Pvt Ltd,IT Vendor,29XGYIO7865E4ZD,XGYIO7865E,6928156896344677,ICIC0Z8LS5R,Bengaluru,Karnataka,2019-09-09,Active,Medium,info@falcon.com,+919302600903,30,2025-03-11
VEN-100730,Riverside Freight Services,Logistics Partner,29LMVSI6091H2ZP,LMVSI6091H,577743892196403275,SBIN0SO6GOC,Bengaluru,Karnataka,2022-08-22,Active,Low,info@riverside.com,+917292368212,30,2025-07-03
VEN-100731,Yamuna Enterprises Pvt Ltd,Goods Supplier,27OJSLB2093E4Z8,OJSLB2093E,0073354892901886,AXIS0E2L5TU,Mumbai,Maharashtra,2019-04-22,Active,Medium,accounts@yamunasupplies.in,+919700299307,30,2025-11-14
VEN-100732,Kaveri Contractors & Builders,Contractor,36WCRWI4194H3ZW,WCRWI4194H,94071480653943,HDFC0V0F215,Hyderabad,Telangana,2021-02-25,Active,Low,info@kaveri.com,+918644836649,45,2025-02-08
VEN-100733,Sundaram Enterprises Pvt Ltd,Goods Supplier,19KCBFD8555G1ZH,KCBFD8555G,632545770834596639,CNRB0J5HI0Y,Kolkata,West Bengal,2023-11-17,Inactive,Low,accounts@sundaramsupplies.in,+916692112405,60,2023-12-01
